<?xml version="1.0" encoding="UTF-8"?><?xml-stylesheet type="text/css" href="idempiereDocument.css"?><idempiereDocument>
    <header>2Pack_6.2.1_ITSVoucherWithholding Package Description</header>
    <H1>Package Name:</H1>
    <packagename>2Pack_6.2.1_ITSVoucherWithholding</packagename>
    <H1>Author:</H1>
    <Name:/>
    <H1>Email Address:</H1>
    <Email/>
    <H1>Created:</H1>
    <Date>2023-02-27 13:29:15.596</Date>
    <H1>Updated:</H1>
    <Date>2023-02-27 14:20:04.042</Date>
    <H1>Description:</H1>
    <description>ITS_Voucher_Withholding </description>
    <H1>Instructions:</H1>
    <instructions/>
    <H1>Files in Package:</H1>
    <file>File: PackOut.xml</file>
    <filedirectory>Directory: \dict\</filedirectory>
    <filenotes>Notes: Contains all application/object settings for package</filenotes>
    <H1>Client:</H1>
    <Client>0-SYSTEM-System</Client>
</idempiereDocument>
