<?xml version="1.0" encoding="UTF-8"?><idempiere Name="2Pack_6.3.8_AddNegotiationTypeFunctions" Version="1.1" idempiereVersion="" DataBaseVersion="" Description="" Author="" AuthorEmail="arodriguez@itechsolutions.dev" CreatedDate="2022-02-07 15:35:25.316" UpdatedDate="2022-02-08 12:17:36.704" PackOutVersion="100" UpdateDictionary="false" Client="0-SYSTEM-System" AD_Client_UU="11237b53-9592-4af1-b3c5-afd216514b5d">
    <SQLMandatory type="custom">
        <DBType>Postgres</DBType>
        <statement>
            <![CDATA[CREATE OR REPLACE FUNCTION invoiceOpenNegotiationType(p_C_Invoice_ID NUMERIC
											, p_C_InvoicePaySchedule_ID NUMERIC)
	RETURNS NUMERIC
	LANGUAGE plpgsql
	STABLE
AS $$
DECLARE
	v_Currency_ID NUMERIC := 0;
	v_TotalOpenAmt NUMERIC := 0;
	v_PaidAmt NUMERIC := 0;
	v_Remaining NUMERIC := 0;
	v_MultiplierAP NUMERIC := 0;
	v_MultiplierCM NUMERIC := 0;
	v_Temp NUMERIC := 0;
	v_Precision NUMERIC := 0;
	v_Min NUMERIC := 0;
	v_LCO_InvoiceWithholding_ID NUMERIC := 0;
	v_ConversionDate TIMESTAMP;
	ar RECORD;
	s RECORD;
	v_IsPaid VARCHAR;
	v_WriteOffAmt NUMERIC := 0;
BEGIN
	BEGIN
		SELECT
			MAX(cb.c_currency_id)
			, SUM(currencyConvert(civ.grandtotal
						, civ.c_currency_id, cb.c_currency_id
						, civ.dateinvoiced, civ.c_conversiontype_id
						, civ.ad_client_id, civ.ad_org_id))
			, MAX(civ.multiplierap), MAX(civ.multiplier), MAX(civ.ispaid)
		INTO
			v_Currency_ID
			, v_TotalOpenAmt
			, v_MultiplierAP, v_MultiplierCM, v_IsPaid
		FROM c_invoice_v civ 
		INNER JOIN c_bpartner cb ON cb.c_bpartner_id = civ.c_bpartner_id 
		WHERE civ.c_invoice_id = p_C_Invoice_ID;
	EXCEPTION
		WHEN OTHERS THEN
			RAISE NOTICE 'Invoice Open Negotiation Type %', SQLERRM;
		RETURN NULL;
	END;
	
	IF COALESCE(v_Currency_ID, 0) = 0 THEN
		RAISE NOTICE 'Negotiation Currency Not Found';
		RETURN NULL;
	END IF;
	
	IF v_IsPaid = 'Y' THEN
		RETURN 0;
	END IF;
	
	SELECT
		cc.stdprecision 
	INTO
		v_Precision
	FROM c_currency cc 
	WHERE cc.c_currency_id = v_Currency_ID;
	
	SELECT 1/10^v_Precision INTO v_Min;
	
	--Must be installed LCO Withholding Plugin for use LCO_InvoiceWithholding Table
	FOR ar IN
		SELECT
			ah.ad_client_id 
			, ah.ad_org_id 
			, al.amount 
			, al.discountamt 
			, al.writeoffamt
			, ah.c_currency_id 
			, ah.datetrx 
			, ci.dateinvoiced
			, al.c_allocationline_id 
			, pr.requesttype 
		FROM c_allocationline al
		INNER JOIN c_allocationhdr ah ON ah.c_allocationhdr_id = al.c_allocationhdr_id 
		INNER JOIN c_invoice ci ON ci.c_invoice_id = al.c_invoice_id 
		LEFT JOIN c_payselectionline psl ON psl.c_allocationline_id = al.c_allocationline_id 
		LEFT JOIN its_paymentrequestline prl ON prl.its_paymentrequestline_id = psl.its_paymentrequestline_id 
		LEFT JOIN its_paymentrequest pr ON pr.its_paymentrequest_id = prl.its_paymentrequest_id 
		WHERE al.c_invoice_id = p_C_Invoice_ID
		AND ah.isactive = 'Y'
	LOOP
		v_WriteOffAmt := 0;
		SELECT
			li.lco_invoicewithholding_id 
		INTO
			v_LCO_InvoiceWithholding_ID
		FROM lco_invoicewithholding li 
		WHERE li.c_allocationline_id = ar.c_allocationline_id
		LIMIT 1;
		
		IF COALESCE(v_LCO_InvoiceWithholding_ID, 0) = 0 AND ar.requesttype <> 'PRT' THEN
			v_ConversionDate := ar.datetrx;
		ELSE
			v_ConversionDate := ar.dateinvoiced;
			IF COALESCE(v_LCO_InvoiceWithholding_ID, 0) != 0 THEN
				v_WriteOffAmt := ar.writeoffamt;
			END IF;
		END IF;
		
		v_Temp := ar.amount + ar.discountamt + v_WriteOffAmt;
		v_PaidAmt := v_PaidAmt + currencyConvert(v_Temp * v_MultiplierAP, ar.c_currency_id, v_Currency_ID
										, v_ConversionDate, NULL, ar.ad_client_id, ar.ad_org_id);
		RAISE NOTICE 'Paid=% Allocation=%*%', v_PaidAmt, v_Temp, v_MultiplierAP;
	END LOOP;
	
	--Do we Have a Payment Schedule?
	IF COALESCE(p_C_InvoicePaySchedule_ID, 0) > 0 THEN
		v_Remaining := v_PaidAmt;
		
		FOR s IN
			SELECT
				psi.c_invoicepayschedule_id 
				, currencyConvert(psi.dueamt 
							, ci.c_currency_id, v_Currency_ID
							, ci.dateinvoiced, ci.c_conversiontype_id
							, ci.ad_client_id, ci.ad_org_id) dueamt
			FROM c_invoicepayschedule psi
			INNER JOIN c_invoice ci ON ci.c_invoice_id = psi.c_invoice_id 
			WHERE psi.c_invoice_id = p_C_Invoice_ID
			AND psi.isvalid = 'Y'
			ORDER BY psi.duedate
		LOOP
			
			IF s.c_invoicepayschedule_id = p_C_InvoicePaySchedule_ID THEN
				v_TotalOpenAmt := (s.dueamt * v_MultiplierCM) - v_Remaining;
				
				IF (s.dueamt - v_Remaining < 0) THEN
					v_TotalOpenAmt := 0;
				END IF;
			ELSE
				v_Remaining := v_Remaining - s.dueamt;
				
				IF v_Remaining < 0 THEN
					v_Remaining := 0;
				END IF;
			END IF;
		END LOOP;
	ELSE
		v_TotalOpenAmt := v_TotalOpenAmt - v_PaidAmt;
	END IF;
	
	--Ignore Rounding
	IF (v_TotalOpenAmt > -v_Min AND v_TotalOpenAmt < v_Min) THEN
		v_TotalOpenAmt := 0;
	END IF;
	
	--Round to Currency Precision
	RETURN ROUND(COALESCE(v_TotalOpenAmt, 0), v_Precision);
END $$;
]]>
        </statement>
    </SQLMandatory>
    <SQLMandatory type="custom">
        <DBType>Postgres</DBType>
        <statement>
            <![CDATA[CREATE OR REPLACE FUNCTION currencyConvertNegotiationType(p_C_Invoice_ID NUMERIC, p_C_CurrencyTo_ID NUMERIC
															, p_Amt NUMERIC, p_ConversionDate TIMESTAMP)
	RETURNS NUMERIC
	LANGUAGE plpgsql
	STABLE
AS $$
DECLARE
	v_NegotiationCurrency_ID NUMERIC := 0;
	v_AD_Client_ID NUMERIC := 0;
	v_AD_Org_ID NUMERIC := 0;
	v_ConversionType_ID NUMERIC := 0;
BEGIN
	BEGIN
		SELECT
			cb.c_currency_id 
			, ci.c_conversiontype_id 
			, ci.ad_client_id 
			, ci.ad_org_id 
		INTO
			v_NegotiationCurrency_ID 
			, v_ConversionType_ID 
			, v_AD_Client_ID 
			, v_AD_Org_ID 
		FROM c_invoice ci 
		INNER JOIN c_bpartner cb ON cb.c_bpartner_id = ci.c_bpartner_id 
		WHERE ci.c_invoice_id = p_C_Invoice_ID;
	EXCEPTION
		WHEN OTHERS THEN
			RAISE NOTICE 'Currency Convert Negotiation Type %', SQLERRM;
		RETURN NULL;
	END;
	
	IF (COALESCE(v_NegotiationCurrency_ID, 0) = 0) THEN
		RAISE NOTICE 'Negotiation Currency Not Found';
		RETURN NULL;
	END IF;
	
	RETURN currencyConvert(p_Amt
				, v_NegotiationCurrency_ID, p_C_CurrencyTo_ID
				, p_ConversionDate, v_ConversionType_ID
				, v_AD_Client_ID, v_AD_Org_ID);
END $$;
]]>
        </statement>
    </SQLMandatory>
    <AD_Val_Rule type="table">
        <AD_Client_ID>0</AD_Client_ID>
        <AD_Org_ID>0</AD_Org_ID>
        <Name>AR Invoice BPartner Not Paid And Complete</Name>
        <Description/>
        <Type>S</Type>
        <Code>C_Invoice.C_BPartner_ID = @C_BPartner_ID@ AND C_Invoice.DocStatus = 'CO' AND C_Invoice.IsSOTrx = 'Y'
 /*AND C_Invoice.C_Currency_ID = @C_Currency_ID@*/
 AND EXISTS(
          SELECT 1 FROM C_DocType dt
          WHERE dt.C_DocType_ID = C_Invoice.C_DocType_ID
          AND dt.DocBaseType = 'ARI'
)</Code>
        <AD_Org_ID reference="id">0</AD_Org_ID>
        <IsActive>Y</IsActive>
        <EntityType>ITS</EntityType>
        <AD_Val_Rule_UU>fc74583e-cc7b-48fc-a973-3e21a0b05ebc</AD_Val_Rule_UU>
    </AD_Val_Rule>
    <AD_Val_Rule type="table">
        <AD_Client_ID>0</AD_Client_ID>
        <AD_Org_ID>0</AD_Org_ID>
        <Name>AP Invoice BPartner Not Paid And Complete</Name>
        <Description/>
        <Type>S</Type>
        <Code>C_Invoice.C_BPartner_ID = @C_BPartner_ID@ AND C_Invoice.DocStatus = 'CO' AND C_Invoice.IsSOTrx = 'N'
 /*AND C_Invoice.C_Currency_ID = @C_Currency_ID@*/
 AND EXISTS(
          SELECT 1 FROM C_DocType dt
          WHERE dt.C_DocType_ID = C_Invoice.C_DocType_ID
          AND dt.DocBaseType = 'API'
)</Code>
        <AD_Org_ID reference="id">0</AD_Org_ID>
        <IsActive>Y</IsActive>
        <EntityType>ITS</EntityType>
        <AD_Val_Rule_UU>1ba7c703-8e8f-49f2-aee2-48e78fcda3a8</AD_Val_Rule_UU>
    </AD_Val_Rule>
</idempiere>
