<?xml version="1.0" encoding="UTF-8"?><idempiere Name="2Pack_3.0.1_XMLPrintFormatWithGarden" Version="1.0.0" idempiereVersion="" DataBaseVersion="" Description="" Author="" AuthorEmail="" CreatedDate="2023-03-30 14:14:31.906" UpdatedDate="2023-03-30 14:14:31.906" PackOutVersion="100" UpdateDictionary="false" Client="11-GardenWorld-GardenWorld" AD_Client_UU="3268b9a8-10d8-466d-96e5-aa01166408fa">
    <AD_PrintFormat type="table">
        <AD_Org_ID>0</AD_Org_ID>
        <IsTableBased>Y</IsTableBased>
        <IsActive>Y</IsActive>
        <IsStandardHeaderFooter>Y</IsStandardHeaderFooter>
        <AD_PrintFont_ID reference="id">105</AD_PrintFont_ID>
        <AD_Table_ID reference="uuid" reference-key="AD_Table">8e8409ce-0bcc-4d1b-8c7a-574f100546f3</AD_Table_ID>
        <IsForm>N</IsForm>
        <HeaderMargin>0</HeaderMargin>
        <AD_PrintColor_ID reference="id">100</AD_PrintColor_ID>
        <Name>Reporte de XML Generado</Name>
        <CreateCopy/>
        <FooterMargin>0</FooterMargin>
        <AD_PrintPaper_ID reference="id">100</AD_PrintPaper_ID>
        <AD_Org_ID reference="id">0</AD_Org_ID>
        <Description/>
        <AD_ReportView_ID reference="uuid" reference-key="AD_ReportView">10315bb1-deea-4c89-9bfb-5ac885bb6b88</AD_ReportView_ID>
        <AD_PrintTableFormat_ID reference="id"/>
        <PrinterName/>
        <IsDefault>Y</IsDefault>
        <JasperProcess_ID reference="id"/>
        <AD_PrintFormat_UU>48af0dfb-df58-476b-80e4-b1860344e996</AD_PrintFormat_UU>
        <AD_Window_ID reference="id"/>
        <IsBreakPagePerRecord>Y</IsBreakPagePerRecord>
        <AD_PrintHeaderFooter_ID reference="id"/>
        <FileNamePattern/>
        <AD_PrintFormat_Trl type="translation">
            <Description/>
            <FileNamePattern/>
            <Name>Reporte de XML Generado</Name>
            <AD_Language>es_CO</AD_Language>
            <IsActive>Y</IsActive>
            <IsTranslated>N</IsTranslated>
        </AD_PrintFormat_Trl>
        <AD_PrintFormatItem type="table">
            <AD_Org_ID>0</AD_Org_ID>
            <SeqNo>0</SeqNo>
            <Name>Tenant</Name>
            <IsNextLine>N</IsNextLine>
            <AD_PrintFormatChild_ID reference="id"/>
            <PrintName>Tenant</PrintName>
            <YSpace>0</YSpace>
            <SortNo>0</SortNo>
            <AD_Column_ID reference="uuid" reference-key="AD_Column">eb86feb4-1129-4c47-bf83-a393913fa8d2</AD_Column_ID>
            <IsPageBreak>N</IsPageBreak>
            <IsRelativePosition>Y</IsRelativePosition>
            <MaxWidth>0</MaxWidth>
            <IsSummarized>N</IsSummarized>
            <YPosition>0</YPosition>
            <AD_PrintColor_ID reference="id"/>
            <AD_PrintFormat_ID reference="uuid" reference-key="AD_PrintFormat">48af0dfb-df58-476b-80e4-b1860344e996</AD_PrintFormat_ID>
            <AD_Org_ID reference="id">0</AD_Org_ID>
            <XSpace>0</XSpace>
            <AD_PrintFont_ID reference="id"/>
            <IsActive>Y</IsActive>
            <IsHeightOneLine>N</IsHeightOneLine>
            <MaxHeight>0</MaxHeight>
            <XPosition>0</XPosition>
            <FieldAlignmentType>L</FieldAlignmentType>
            <IsPrinted>N</IsPrinted>
            <IsOrderBy>N</IsOrderBy>
            <IsGroupBy>N</IsGroupBy>
            <LineAlignmentType>X</LineAlignmentType>
            <PrintFormatType>F</PrintFormatType>
            <PrintAreaType>C</PrintAreaType>
            <ImageURL/>
            <ImageIsAttached>N</ImageIsAttached>
            <IsCounted>N</IsCounted>
            <IsAveraged>N</IsAveraged>
            <IsSuppressNull>N</IsSuppressNull>
            <IsSetNLPosition>N</IsSetNLPosition>
            <BelowColumn/>
            <AD_PrintGraph_ID reference="id"/>
            <IsNextPage>N</IsNextPage>
            <IsFixedWidth>N</IsFixedWidth>
            <PrintNameSuffix/>
            <IsMaxCalc>N</IsMaxCalc>
            <RunningTotalLines/>
            <IsRunningTotal>N</IsRunningTotal>
            <IsMinCalc>N</IsMinCalc>
            <IsVarianceCalc>N</IsVarianceCalc>
            <IsDeviationCalc>N</IsDeviationCalc>
            <IsFilledRectangle>N</IsFilledRectangle>
            <LineWidth>1</LineWidth>
            <ArcDiameter>0</ArcDiameter>
            <ShapeType>N</ShapeType>
            <IsCentrallyMaintained>Y</IsCentrallyMaintained>
            <IsImageField>N</IsImageField>
            <BarcodeType/>
            <FormatPattern/>
            <IsSuppressRepeats>N</IsSuppressRepeats>
            <AD_PrintFormatItem_UU>96fa9d51-7da0-4779-810f-452e1f457fda</AD_PrintFormatItem_UU>
            <IsDesc>N</IsDesc>
            <IsPrintBarcodeText>Y</IsPrintBarcodeText>
            <DisplayLogic/>
            <IsPrintInstanceAttributes>N</IsPrintInstanceAttributes>
            <Script/>
            <AD_FieldStyle_ID reference="id"/>
            <AD_PrintFormatItem_Trl type="translation">
                <Name>Grupo Empresarial</Name>
                <PrintName>Grupo Empresarial</PrintName>
                <PrintNameSuffix/>
                <AD_Language>es_CO</AD_Language>
                <IsActive>Y</IsActive>
                <IsTranslated>N</IsTranslated>
            </AD_PrintFormatItem_Trl>
        </AD_PrintFormatItem>
        <AD_PrintFormatItem type="table">
            <AD_Org_ID>0</AD_Org_ID>
            <SeqNo>0</SeqNo>
            <Name>Active</Name>
            <IsNextLine>N</IsNextLine>
            <AD_PrintFormatChild_ID reference="id"/>
            <PrintName>Active</PrintName>
            <YSpace>0</YSpace>
            <SortNo>0</SortNo>
            <AD_Column_ID reference="uuid" reference-key="AD_Column">2e7a26b5-1150-43b2-89e4-9edc9c1af0cf</AD_Column_ID>
            <IsPageBreak>N</IsPageBreak>
            <IsRelativePosition>Y</IsRelativePosition>
            <MaxWidth>0</MaxWidth>
            <IsSummarized>N</IsSummarized>
            <YPosition>0</YPosition>
            <AD_PrintColor_ID reference="id"/>
            <AD_PrintFormat_ID reference="uuid" reference-key="AD_PrintFormat">48af0dfb-df58-476b-80e4-b1860344e996</AD_PrintFormat_ID>
            <AD_Org_ID reference="id">0</AD_Org_ID>
            <XSpace>0</XSpace>
            <AD_PrintFont_ID reference="id"/>
            <IsActive>Y</IsActive>
            <IsHeightOneLine>N</IsHeightOneLine>
            <MaxHeight>0</MaxHeight>
            <XPosition>0</XPosition>
            <FieldAlignmentType>L</FieldAlignmentType>
            <IsPrinted>N</IsPrinted>
            <IsOrderBy>N</IsOrderBy>
            <IsGroupBy>N</IsGroupBy>
            <LineAlignmentType>X</LineAlignmentType>
            <PrintFormatType>F</PrintFormatType>
            <PrintAreaType>C</PrintAreaType>
            <ImageURL/>
            <ImageIsAttached>N</ImageIsAttached>
            <IsCounted>N</IsCounted>
            <IsAveraged>N</IsAveraged>
            <IsSuppressNull>N</IsSuppressNull>
            <IsSetNLPosition>N</IsSetNLPosition>
            <BelowColumn/>
            <AD_PrintGraph_ID reference="id"/>
            <IsNextPage>N</IsNextPage>
            <IsFixedWidth>N</IsFixedWidth>
            <PrintNameSuffix/>
            <IsMaxCalc>N</IsMaxCalc>
            <RunningTotalLines/>
            <IsRunningTotal>N</IsRunningTotal>
            <IsMinCalc>N</IsMinCalc>
            <IsVarianceCalc>N</IsVarianceCalc>
            <IsDeviationCalc>N</IsDeviationCalc>
            <IsFilledRectangle>N</IsFilledRectangle>
            <LineWidth>1</LineWidth>
            <ArcDiameter>0</ArcDiameter>
            <ShapeType>N</ShapeType>
            <IsCentrallyMaintained>Y</IsCentrallyMaintained>
            <IsImageField>N</IsImageField>
            <BarcodeType/>
            <FormatPattern/>
            <IsSuppressRepeats>N</IsSuppressRepeats>
            <AD_PrintFormatItem_UU>36973e41-c011-4b4e-a1b2-dd5e872f4429</AD_PrintFormatItem_UU>
            <IsDesc>N</IsDesc>
            <IsPrintBarcodeText>Y</IsPrintBarcodeText>
            <DisplayLogic/>
            <IsPrintInstanceAttributes>N</IsPrintInstanceAttributes>
            <Script/>
            <AD_FieldStyle_ID reference="id"/>
            <AD_PrintFormatItem_Trl type="translation">
                <Name>Activo</Name>
                <PrintName>Activo</PrintName>
                <PrintNameSuffix/>
                <AD_Language>es_CO</AD_Language>
                <IsActive>Y</IsActive>
                <IsTranslated>N</IsTranslated>
            </AD_PrintFormatItem_Trl>
        </AD_PrintFormatItem>
        <AD_PrintFormatItem type="table">
            <AD_Org_ID>0</AD_Org_ID>
            <SeqNo>10</SeqNo>
            <Name>Organization</Name>
            <IsNextLine>N</IsNextLine>
            <AD_PrintFormatChild_ID reference="id"/>
            <PrintName>Organization</PrintName>
            <YSpace>0</YSpace>
            <SortNo>0</SortNo>
            <AD_Column_ID reference="uuid" reference-key="AD_Column">7460da86-33e5-4fbd-825f-8be6bedfad22</AD_Column_ID>
            <IsPageBreak>N</IsPageBreak>
            <IsRelativePosition>Y</IsRelativePosition>
            <MaxWidth>0</MaxWidth>
            <IsSummarized>N</IsSummarized>
            <YPosition>0</YPosition>
            <AD_PrintColor_ID reference="id"/>
            <AD_PrintFormat_ID reference="uuid" reference-key="AD_PrintFormat">48af0dfb-df58-476b-80e4-b1860344e996</AD_PrintFormat_ID>
            <AD_Org_ID reference="id">0</AD_Org_ID>
            <XSpace>0</XSpace>
            <AD_PrintFont_ID reference="id"/>
            <IsActive>Y</IsActive>
            <IsHeightOneLine>N</IsHeightOneLine>
            <MaxHeight>0</MaxHeight>
            <XPosition>0</XPosition>
            <FieldAlignmentType>C</FieldAlignmentType>
            <IsPrinted>Y</IsPrinted>
            <IsOrderBy>N</IsOrderBy>
            <IsGroupBy>N</IsGroupBy>
            <LineAlignmentType>X</LineAlignmentType>
            <PrintFormatType>F</PrintFormatType>
            <PrintAreaType>C</PrintAreaType>
            <ImageURL/>
            <ImageIsAttached>N</ImageIsAttached>
            <IsCounted>N</IsCounted>
            <IsAveraged>N</IsAveraged>
            <IsSuppressNull>N</IsSuppressNull>
            <IsSetNLPosition>N</IsSetNLPosition>
            <BelowColumn/>
            <AD_PrintGraph_ID reference="id"/>
            <IsNextPage>N</IsNextPage>
            <IsFixedWidth>N</IsFixedWidth>
            <PrintNameSuffix/>
            <IsMaxCalc>N</IsMaxCalc>
            <RunningTotalLines/>
            <IsRunningTotal>N</IsRunningTotal>
            <IsMinCalc>N</IsMinCalc>
            <IsVarianceCalc>N</IsVarianceCalc>
            <IsDeviationCalc>N</IsDeviationCalc>
            <IsFilledRectangle>N</IsFilledRectangle>
            <LineWidth>1</LineWidth>
            <ArcDiameter>0</ArcDiameter>
            <ShapeType>N</ShapeType>
            <IsCentrallyMaintained>Y</IsCentrallyMaintained>
            <IsImageField>N</IsImageField>
            <BarcodeType/>
            <FormatPattern/>
            <IsSuppressRepeats>N</IsSuppressRepeats>
            <AD_PrintFormatItem_UU>cf2f515e-3490-4f42-8a3b-11495783db03</AD_PrintFormatItem_UU>
            <IsDesc>N</IsDesc>
            <IsPrintBarcodeText>Y</IsPrintBarcodeText>
            <DisplayLogic/>
            <IsPrintInstanceAttributes>N</IsPrintInstanceAttributes>
            <Script/>
            <AD_FieldStyle_ID reference="id"/>
            <AD_PrintFormatItem_Trl type="translation">
                <Name>Organización</Name>
                <PrintName>Organización</PrintName>
                <PrintNameSuffix/>
                <AD_Language>es_CO</AD_Language>
                <IsActive>Y</IsActive>
                <IsTranslated>N</IsTranslated>
            </AD_PrintFormatItem_Trl>
        </AD_PrintFormatItem>
        <AD_PrintFormatItem type="table">
            <AD_Org_ID>0</AD_Org_ID>
            <SeqNo>10</SeqNo>
            <Name>Organization</Name>
            <IsNextLine>N</IsNextLine>
            <AD_PrintFormatChild_ID reference="id"/>
            <PrintName>Organization</PrintName>
            <YSpace>0</YSpace>
            <SortNo>0</SortNo>
            <AD_Column_ID reference="uuid" reference-key="AD_Column">51444f99-6a10-41d2-b6a1-ed1aea703ba0</AD_Column_ID>
            <IsPageBreak>N</IsPageBreak>
            <IsRelativePosition>Y</IsRelativePosition>
            <MaxWidth>0</MaxWidth>
            <IsSummarized>N</IsSummarized>
            <YPosition>0</YPosition>
            <AD_PrintColor_ID reference="id"/>
            <AD_PrintFormat_ID reference="uuid" reference-key="AD_PrintFormat">48af0dfb-df58-476b-80e4-b1860344e996</AD_PrintFormat_ID>
            <AD_Org_ID reference="id">0</AD_Org_ID>
            <XSpace>0</XSpace>
            <AD_PrintFont_ID reference="id"/>
            <IsActive>Y</IsActive>
            <IsHeightOneLine>N</IsHeightOneLine>
            <MaxHeight>0</MaxHeight>
            <XPosition>0</XPosition>
            <FieldAlignmentType>L</FieldAlignmentType>
            <IsPrinted>N</IsPrinted>
            <IsOrderBy>N</IsOrderBy>
            <IsGroupBy>N</IsGroupBy>
            <LineAlignmentType>X</LineAlignmentType>
            <PrintFormatType>F</PrintFormatType>
            <PrintAreaType>C</PrintAreaType>
            <ImageURL/>
            <ImageIsAttached>N</ImageIsAttached>
            <IsCounted>N</IsCounted>
            <IsAveraged>N</IsAveraged>
            <IsSuppressNull>N</IsSuppressNull>
            <IsSetNLPosition>N</IsSetNLPosition>
            <BelowColumn/>
            <AD_PrintGraph_ID reference="id"/>
            <IsNextPage>N</IsNextPage>
            <IsFixedWidth>N</IsFixedWidth>
            <PrintNameSuffix/>
            <IsMaxCalc>N</IsMaxCalc>
            <RunningTotalLines/>
            <IsRunningTotal>N</IsRunningTotal>
            <IsMinCalc>N</IsMinCalc>
            <IsVarianceCalc>N</IsVarianceCalc>
            <IsDeviationCalc>N</IsDeviationCalc>
            <IsFilledRectangle>N</IsFilledRectangle>
            <LineWidth>1</LineWidth>
            <ArcDiameter>0</ArcDiameter>
            <ShapeType>N</ShapeType>
            <IsCentrallyMaintained>Y</IsCentrallyMaintained>
            <IsImageField>N</IsImageField>
            <BarcodeType/>
            <FormatPattern/>
            <IsSuppressRepeats>N</IsSuppressRepeats>
            <AD_PrintFormatItem_UU>6a177836-3296-4d9d-bbe7-7be51f689603</AD_PrintFormatItem_UU>
            <IsDesc>N</IsDesc>
            <IsPrintBarcodeText>Y</IsPrintBarcodeText>
            <DisplayLogic/>
            <IsPrintInstanceAttributes>N</IsPrintInstanceAttributes>
            <Script/>
            <AD_FieldStyle_ID reference="id"/>
            <AD_PrintFormatItem_Trl type="translation">
                <Name>Organización</Name>
                <PrintName>Organización</PrintName>
                <PrintNameSuffix/>
                <AD_Language>es_CO</AD_Language>
                <IsActive>Y</IsActive>
                <IsTranslated>N</IsTranslated>
            </AD_PrintFormatItem_Trl>
        </AD_PrintFormatItem>
        <AD_PrintFormatItem type="table">
            <AD_Org_ID>0</AD_Org_ID>
            <SeqNo>20</SeqNo>
            <Name>OrgTaxID</Name>
            <IsNextLine>N</IsNextLine>
            <AD_PrintFormatChild_ID reference="id"/>
            <PrintName>OrgTaxID</PrintName>
            <YSpace>0</YSpace>
            <SortNo>0</SortNo>
            <AD_Column_ID reference="uuid" reference-key="AD_Column">c967c1b5-f44e-4073-809e-0f2720be919f</AD_Column_ID>
            <IsPageBreak>N</IsPageBreak>
            <IsRelativePosition>Y</IsRelativePosition>
            <MaxWidth>0</MaxWidth>
            <IsSummarized>N</IsSummarized>
            <YPosition>0</YPosition>
            <AD_PrintColor_ID reference="id"/>
            <AD_PrintFormat_ID reference="uuid" reference-key="AD_PrintFormat">48af0dfb-df58-476b-80e4-b1860344e996</AD_PrintFormat_ID>
            <AD_Org_ID reference="id">0</AD_Org_ID>
            <XSpace>0</XSpace>
            <AD_PrintFont_ID reference="id"/>
            <IsActive>Y</IsActive>
            <IsHeightOneLine>N</IsHeightOneLine>
            <MaxHeight>0</MaxHeight>
            <XPosition>0</XPosition>
            <FieldAlignmentType>C</FieldAlignmentType>
            <IsPrinted>Y</IsPrinted>
            <IsOrderBy>N</IsOrderBy>
            <IsGroupBy>N</IsGroupBy>
            <LineAlignmentType>X</LineAlignmentType>
            <PrintFormatType>F</PrintFormatType>
            <PrintAreaType>C</PrintAreaType>
            <ImageURL/>
            <ImageIsAttached>N</ImageIsAttached>
            <IsCounted>N</IsCounted>
            <IsAveraged>N</IsAveraged>
            <IsSuppressNull>N</IsSuppressNull>
            <IsSetNLPosition>N</IsSetNLPosition>
            <BelowColumn/>
            <AD_PrintGraph_ID reference="id"/>
            <IsNextPage>N</IsNextPage>
            <IsFixedWidth>N</IsFixedWidth>
            <PrintNameSuffix/>
            <IsMaxCalc>N</IsMaxCalc>
            <RunningTotalLines/>
            <IsRunningTotal>N</IsRunningTotal>
            <IsMinCalc>N</IsMinCalc>
            <IsVarianceCalc>N</IsVarianceCalc>
            <IsDeviationCalc>N</IsDeviationCalc>
            <IsFilledRectangle>N</IsFilledRectangle>
            <LineWidth>1</LineWidth>
            <ArcDiameter>0</ArcDiameter>
            <ShapeType>N</ShapeType>
            <IsCentrallyMaintained>N</IsCentrallyMaintained>
            <IsImageField>N</IsImageField>
            <BarcodeType/>
            <FormatPattern/>
            <IsSuppressRepeats>N</IsSuppressRepeats>
            <AD_PrintFormatItem_UU>04b0f298-c5db-4a24-a13e-0669dfd30f5f</AD_PrintFormatItem_UU>
            <IsDesc>N</IsDesc>
            <IsPrintBarcodeText>Y</IsPrintBarcodeText>
            <DisplayLogic/>
            <IsPrintInstanceAttributes>N</IsPrintInstanceAttributes>
            <Script/>
            <AD_FieldStyle_ID reference="id"/>
            <AD_PrintFormatItem_Trl type="translation">
                <Name>OrgTaxID</Name>
                <PrintName>Razón Social</PrintName>
                <PrintNameSuffix/>
                <AD_Language>es_CO</AD_Language>
                <IsActive>Y</IsActive>
                <IsTranslated>N</IsTranslated>
            </AD_PrintFormatItem_Trl>
        </AD_PrintFormatItem>
        <AD_PrintFormatItem type="table">
            <AD_Org_ID>0</AD_Org_ID>
            <SeqNo>30</SeqNo>
            <Name>Tax ID</Name>
            <IsNextLine>N</IsNextLine>
            <AD_PrintFormatChild_ID reference="id"/>
            <PrintName>Tax ID</PrintName>
            <YSpace>0</YSpace>
            <SortNo>0</SortNo>
            <AD_Column_ID reference="uuid" reference-key="AD_Column">ef9449d7-7feb-472e-94de-6f69f87efe33</AD_Column_ID>
            <IsPageBreak>N</IsPageBreak>
            <IsRelativePosition>Y</IsRelativePosition>
            <MaxWidth>0</MaxWidth>
            <IsSummarized>N</IsSummarized>
            <YPosition>0</YPosition>
            <AD_PrintColor_ID reference="id"/>
            <AD_PrintFormat_ID reference="uuid" reference-key="AD_PrintFormat">48af0dfb-df58-476b-80e4-b1860344e996</AD_PrintFormat_ID>
            <AD_Org_ID reference="id">0</AD_Org_ID>
            <XSpace>0</XSpace>
            <AD_PrintFont_ID reference="id"/>
            <IsActive>Y</IsActive>
            <IsHeightOneLine>N</IsHeightOneLine>
            <MaxHeight>0</MaxHeight>
            <XPosition>0</XPosition>
            <FieldAlignmentType>C</FieldAlignmentType>
            <IsPrinted>Y</IsPrinted>
            <IsOrderBy>N</IsOrderBy>
            <IsGroupBy>N</IsGroupBy>
            <LineAlignmentType>X</LineAlignmentType>
            <PrintFormatType>F</PrintFormatType>
            <PrintAreaType>C</PrintAreaType>
            <ImageURL/>
            <ImageIsAttached>N</ImageIsAttached>
            <IsCounted>N</IsCounted>
            <IsAveraged>N</IsAveraged>
            <IsSuppressNull>N</IsSuppressNull>
            <IsSetNLPosition>N</IsSetNLPosition>
            <BelowColumn/>
            <AD_PrintGraph_ID reference="id"/>
            <IsNextPage>N</IsNextPage>
            <IsFixedWidth>N</IsFixedWidth>
            <PrintNameSuffix/>
            <IsMaxCalc>N</IsMaxCalc>
            <RunningTotalLines/>
            <IsRunningTotal>N</IsRunningTotal>
            <IsMinCalc>N</IsMinCalc>
            <IsVarianceCalc>N</IsVarianceCalc>
            <IsDeviationCalc>N</IsDeviationCalc>
            <IsFilledRectangle>N</IsFilledRectangle>
            <LineWidth>1</LineWidth>
            <ArcDiameter>0</ArcDiameter>
            <ShapeType>N</ShapeType>
            <IsCentrallyMaintained>N</IsCentrallyMaintained>
            <IsImageField>N</IsImageField>
            <BarcodeType/>
            <FormatPattern/>
            <IsSuppressRepeats>N</IsSuppressRepeats>
            <AD_PrintFormatItem_UU>0a8dec02-c69c-4edd-8515-2f2689100289</AD_PrintFormatItem_UU>
            <IsDesc>N</IsDesc>
            <IsPrintBarcodeText>Y</IsPrintBarcodeText>
            <DisplayLogic/>
            <IsPrintInstanceAttributes>N</IsPrintInstanceAttributes>
            <Script/>
            <AD_FieldStyle_ID reference="id"/>
            <AD_PrintFormatItem_Trl type="translation">
                <Name>Tax ID</Name>
                <PrintName>Rif Proveedor</PrintName>
                <PrintNameSuffix/>
                <AD_Language>es_CO</AD_Language>
                <IsActive>Y</IsActive>
                <IsTranslated>N</IsTranslated>
            </AD_PrintFormatItem_Trl>
        </AD_PrintFormatItem>
        <AD_PrintFormatItem type="table">
            <AD_Org_ID>0</AD_Org_ID>
            <SeqNo>40</SeqNo>
            <Name>Document No</Name>
            <IsNextLine>N</IsNextLine>
            <AD_PrintFormatChild_ID reference="id"/>
            <PrintName>Document No</PrintName>
            <YSpace>0</YSpace>
            <SortNo>0</SortNo>
            <AD_Column_ID reference="uuid" reference-key="AD_Column">380f2406-765e-4b7c-8453-89bf46dc3423</AD_Column_ID>
            <IsPageBreak>N</IsPageBreak>
            <IsRelativePosition>Y</IsRelativePosition>
            <MaxWidth>0</MaxWidth>
            <IsSummarized>N</IsSummarized>
            <YPosition>0</YPosition>
            <AD_PrintColor_ID reference="id"/>
            <AD_PrintFormat_ID reference="uuid" reference-key="AD_PrintFormat">48af0dfb-df58-476b-80e4-b1860344e996</AD_PrintFormat_ID>
            <AD_Org_ID reference="id">0</AD_Org_ID>
            <XSpace>0</XSpace>
            <AD_PrintFont_ID reference="id"/>
            <IsActive>Y</IsActive>
            <IsHeightOneLine>N</IsHeightOneLine>
            <MaxHeight>0</MaxHeight>
            <XPosition>0</XPosition>
            <FieldAlignmentType>C</FieldAlignmentType>
            <IsPrinted>Y</IsPrinted>
            <IsOrderBy>N</IsOrderBy>
            <IsGroupBy>N</IsGroupBy>
            <LineAlignmentType>X</LineAlignmentType>
            <PrintFormatType>F</PrintFormatType>
            <PrintAreaType>C</PrintAreaType>
            <ImageURL/>
            <ImageIsAttached>N</ImageIsAttached>
            <IsCounted>N</IsCounted>
            <IsAveraged>N</IsAveraged>
            <IsSuppressNull>N</IsSuppressNull>
            <IsSetNLPosition>N</IsSetNLPosition>
            <BelowColumn/>
            <AD_PrintGraph_ID reference="id"/>
            <IsNextPage>N</IsNextPage>
            <IsFixedWidth>N</IsFixedWidth>
            <PrintNameSuffix/>
            <IsMaxCalc>N</IsMaxCalc>
            <RunningTotalLines/>
            <IsRunningTotal>N</IsRunningTotal>
            <IsMinCalc>N</IsMinCalc>
            <IsVarianceCalc>N</IsVarianceCalc>
            <IsDeviationCalc>N</IsDeviationCalc>
            <IsFilledRectangle>N</IsFilledRectangle>
            <LineWidth>1</LineWidth>
            <ArcDiameter>0</ArcDiameter>
            <ShapeType>N</ShapeType>
            <IsCentrallyMaintained>N</IsCentrallyMaintained>
            <IsImageField>N</IsImageField>
            <BarcodeType/>
            <FormatPattern/>
            <IsSuppressRepeats>N</IsSuppressRepeats>
            <AD_PrintFormatItem_UU>3863f2ea-c825-4bdc-a102-609839098e76</AD_PrintFormatItem_UU>
            <IsDesc>N</IsDesc>
            <IsPrintBarcodeText>Y</IsPrintBarcodeText>
            <DisplayLogic/>
            <IsPrintInstanceAttributes>N</IsPrintInstanceAttributes>
            <Script/>
            <AD_FieldStyle_ID reference="id"/>
            <AD_PrintFormatItem_Trl type="translation">
                <Name>Document No</Name>
                <PrintName>Número de Factura</PrintName>
                <PrintNameSuffix/>
                <AD_Language>es_CO</AD_Language>
                <IsActive>Y</IsActive>
                <IsTranslated>N</IsTranslated>
            </AD_PrintFormatItem_Trl>
        </AD_PrintFormatItem>
        <AD_PrintFormatItem type="table">
            <AD_Org_ID>0</AD_Org_ID>
            <SeqNo>50</SeqNo>
            <Name>Control Number</Name>
            <IsNextLine>N</IsNextLine>
            <AD_PrintFormatChild_ID reference="id"/>
            <PrintName>Control Number</PrintName>
            <YSpace>0</YSpace>
            <SortNo>0</SortNo>
            <AD_Column_ID reference="uuid" reference-key="AD_Column">998bfb37-ce3a-494b-82ac-d468fc90ae20</AD_Column_ID>
            <IsPageBreak>N</IsPageBreak>
            <IsRelativePosition>Y</IsRelativePosition>
            <MaxWidth>0</MaxWidth>
            <IsSummarized>N</IsSummarized>
            <YPosition>0</YPosition>
            <AD_PrintColor_ID reference="id"/>
            <AD_PrintFormat_ID reference="uuid" reference-key="AD_PrintFormat">48af0dfb-df58-476b-80e4-b1860344e996</AD_PrintFormat_ID>
            <AD_Org_ID reference="id">0</AD_Org_ID>
            <XSpace>0</XSpace>
            <AD_PrintFont_ID reference="id"/>
            <IsActive>Y</IsActive>
            <IsHeightOneLine>N</IsHeightOneLine>
            <MaxHeight>0</MaxHeight>
            <XPosition>0</XPosition>
            <FieldAlignmentType>C</FieldAlignmentType>
            <IsPrinted>Y</IsPrinted>
            <IsOrderBy>N</IsOrderBy>
            <IsGroupBy>N</IsGroupBy>
            <LineAlignmentType>X</LineAlignmentType>
            <PrintFormatType>F</PrintFormatType>
            <PrintAreaType>C</PrintAreaType>
            <ImageURL/>
            <ImageIsAttached>N</ImageIsAttached>
            <IsCounted>N</IsCounted>
            <IsAveraged>N</IsAveraged>
            <IsSuppressNull>N</IsSuppressNull>
            <IsSetNLPosition>N</IsSetNLPosition>
            <BelowColumn/>
            <AD_PrintGraph_ID reference="id"/>
            <IsNextPage>N</IsNextPage>
            <IsFixedWidth>N</IsFixedWidth>
            <PrintNameSuffix/>
            <IsMaxCalc>N</IsMaxCalc>
            <RunningTotalLines/>
            <IsRunningTotal>N</IsRunningTotal>
            <IsMinCalc>N</IsMinCalc>
            <IsVarianceCalc>N</IsVarianceCalc>
            <IsDeviationCalc>N</IsDeviationCalc>
            <IsFilledRectangle>N</IsFilledRectangle>
            <LineWidth>1</LineWidth>
            <ArcDiameter>0</ArcDiameter>
            <ShapeType>N</ShapeType>
            <IsCentrallyMaintained>Y</IsCentrallyMaintained>
            <IsImageField>N</IsImageField>
            <BarcodeType/>
            <FormatPattern/>
            <IsSuppressRepeats>N</IsSuppressRepeats>
            <AD_PrintFormatItem_UU>ae5e264e-71e5-461e-b074-7371d12a5d0e</AD_PrintFormatItem_UU>
            <IsDesc>N</IsDesc>
            <IsPrintBarcodeText>Y</IsPrintBarcodeText>
            <DisplayLogic/>
            <IsPrintInstanceAttributes>N</IsPrintInstanceAttributes>
            <Script/>
            <AD_FieldStyle_ID reference="id"/>
            <AD_PrintFormatItem_Trl type="translation">
                <Name>Número de Control</Name>
                <PrintName>Número de Control</PrintName>
                <PrintNameSuffix/>
                <AD_Language>es_CO</AD_Language>
                <IsActive>Y</IsActive>
                <IsTranslated>N</IsTranslated>
            </AD_PrintFormatItem_Trl>
        </AD_PrintFormatItem>
        <AD_PrintFormatItem type="table">
            <AD_Org_ID>0</AD_Org_ID>
            <SeqNo>60</SeqNo>
            <Name>Account Date</Name>
            <IsNextLine>N</IsNextLine>
            <AD_PrintFormatChild_ID reference="id"/>
            <PrintName>Acct Date</PrintName>
            <YSpace>0</YSpace>
            <SortNo>0</SortNo>
            <AD_Column_ID reference="uuid" reference-key="AD_Column">d677e540-5c20-480f-aa8f-4b0bae627b1e</AD_Column_ID>
            <IsPageBreak>N</IsPageBreak>
            <IsRelativePosition>Y</IsRelativePosition>
            <MaxWidth>0</MaxWidth>
            <IsSummarized>N</IsSummarized>
            <YPosition>0</YPosition>
            <AD_PrintColor_ID reference="id"/>
            <AD_PrintFormat_ID reference="uuid" reference-key="AD_PrintFormat">48af0dfb-df58-476b-80e4-b1860344e996</AD_PrintFormat_ID>
            <AD_Org_ID reference="id">0</AD_Org_ID>
            <XSpace>0</XSpace>
            <AD_PrintFont_ID reference="id"/>
            <IsActive>Y</IsActive>
            <IsHeightOneLine>N</IsHeightOneLine>
            <MaxHeight>0</MaxHeight>
            <XPosition>0</XPosition>
            <FieldAlignmentType>C</FieldAlignmentType>
            <IsPrinted>Y</IsPrinted>
            <IsOrderBy>N</IsOrderBy>
            <IsGroupBy>N</IsGroupBy>
            <LineAlignmentType>X</LineAlignmentType>
            <PrintFormatType>F</PrintFormatType>
            <PrintAreaType>C</PrintAreaType>
            <ImageURL/>
            <ImageIsAttached>N</ImageIsAttached>
            <IsCounted>N</IsCounted>
            <IsAveraged>N</IsAveraged>
            <IsSuppressNull>N</IsSuppressNull>
            <IsSetNLPosition>N</IsSetNLPosition>
            <BelowColumn/>
            <AD_PrintGraph_ID reference="id"/>
            <IsNextPage>N</IsNextPage>
            <IsFixedWidth>N</IsFixedWidth>
            <PrintNameSuffix/>
            <IsMaxCalc>N</IsMaxCalc>
            <RunningTotalLines/>
            <IsRunningTotal>N</IsRunningTotal>
            <IsMinCalc>N</IsMinCalc>
            <IsVarianceCalc>N</IsVarianceCalc>
            <IsDeviationCalc>N</IsDeviationCalc>
            <IsFilledRectangle>N</IsFilledRectangle>
            <LineWidth>1</LineWidth>
            <ArcDiameter>0</ArcDiameter>
            <ShapeType>N</ShapeType>
            <IsCentrallyMaintained>N</IsCentrallyMaintained>
            <IsImageField>N</IsImageField>
            <BarcodeType/>
            <FormatPattern/>
            <IsSuppressRepeats>N</IsSuppressRepeats>
            <AD_PrintFormatItem_UU>a09b5b29-e07e-4ba9-8ddb-376522ac4752</AD_PrintFormatItem_UU>
            <IsDesc>N</IsDesc>
            <IsPrintBarcodeText>Y</IsPrintBarcodeText>
            <DisplayLogic/>
            <IsPrintInstanceAttributes>N</IsPrintInstanceAttributes>
            <Script/>
            <AD_FieldStyle_ID reference="id"/>
            <AD_PrintFormatItem_Trl type="translation">
                <Name>Account Date</Name>
                <PrintName>Fecha</PrintName>
                <PrintNameSuffix/>
                <AD_Language>es_CO</AD_Language>
                <IsActive>Y</IsActive>
                <IsTranslated>N</IsTranslated>
            </AD_PrintFormatItem_Trl>
        </AD_PrintFormatItem>
        <AD_PrintFormatItem type="table">
            <AD_Org_ID>0</AD_Org_ID>
            <SeqNo>70</SeqNo>
            <Name>Validation code</Name>
            <IsNextLine>N</IsNextLine>
            <AD_PrintFormatChild_ID reference="id"/>
            <PrintName>Validation code</PrintName>
            <YSpace>0</YSpace>
            <SortNo>0</SortNo>
            <AD_Column_ID reference="uuid" reference-key="AD_Column">3ce0b8ed-d778-4bee-8a98-93bd6f289712</AD_Column_ID>
            <IsPageBreak>N</IsPageBreak>
            <IsRelativePosition>Y</IsRelativePosition>
            <MaxWidth>0</MaxWidth>
            <IsSummarized>N</IsSummarized>
            <YPosition>0</YPosition>
            <AD_PrintColor_ID reference="id"/>
            <AD_PrintFormat_ID reference="uuid" reference-key="AD_PrintFormat">48af0dfb-df58-476b-80e4-b1860344e996</AD_PrintFormat_ID>
            <AD_Org_ID reference="id">0</AD_Org_ID>
            <XSpace>0</XSpace>
            <AD_PrintFont_ID reference="id"/>
            <IsActive>Y</IsActive>
            <IsHeightOneLine>N</IsHeightOneLine>
            <MaxHeight>0</MaxHeight>
            <XPosition>0</XPosition>
            <FieldAlignmentType>C</FieldAlignmentType>
            <IsPrinted>Y</IsPrinted>
            <IsOrderBy>N</IsOrderBy>
            <IsGroupBy>N</IsGroupBy>
            <LineAlignmentType>X</LineAlignmentType>
            <PrintFormatType>F</PrintFormatType>
            <PrintAreaType>C</PrintAreaType>
            <ImageURL/>
            <ImageIsAttached>N</ImageIsAttached>
            <IsCounted>N</IsCounted>
            <IsAveraged>N</IsAveraged>
            <IsSuppressNull>N</IsSuppressNull>
            <IsSetNLPosition>N</IsSetNLPosition>
            <BelowColumn/>
            <AD_PrintGraph_ID reference="id"/>
            <IsNextPage>N</IsNextPage>
            <IsFixedWidth>N</IsFixedWidth>
            <PrintNameSuffix/>
            <IsMaxCalc>N</IsMaxCalc>
            <RunningTotalLines/>
            <IsRunningTotal>N</IsRunningTotal>
            <IsMinCalc>N</IsMinCalc>
            <IsVarianceCalc>N</IsVarianceCalc>
            <IsDeviationCalc>N</IsDeviationCalc>
            <IsFilledRectangle>N</IsFilledRectangle>
            <LineWidth>1</LineWidth>
            <ArcDiameter>0</ArcDiameter>
            <ShapeType>N</ShapeType>
            <IsCentrallyMaintained>N</IsCentrallyMaintained>
            <IsImageField>N</IsImageField>
            <BarcodeType/>
            <FormatPattern/>
            <IsSuppressRepeats>N</IsSuppressRepeats>
            <AD_PrintFormatItem_UU>2fabf903-e0ac-4e94-8253-eb6d59d08b55</AD_PrintFormatItem_UU>
            <IsDesc>N</IsDesc>
            <IsPrintBarcodeText>Y</IsPrintBarcodeText>
            <DisplayLogic/>
            <IsPrintInstanceAttributes>N</IsPrintInstanceAttributes>
            <Script/>
            <AD_FieldStyle_ID reference="id"/>
            <AD_PrintFormatItem_Trl type="translation">
                <Name>Validation code</Name>
                <PrintName>Concepto</PrintName>
                <PrintNameSuffix/>
                <AD_Language>es_CO</AD_Language>
                <IsActive>Y</IsActive>
                <IsTranslated>N</IsTranslated>
            </AD_PrintFormatItem_Trl>
        </AD_PrintFormatItem>
        <AD_PrintFormatItem type="table">
            <AD_Org_ID>0</AD_Org_ID>
            <SeqNo>80</SeqNo>
            <Name>Amount</Name>
            <IsNextLine>N</IsNextLine>
            <AD_PrintFormatChild_ID reference="id"/>
            <PrintName>Amt</PrintName>
            <YSpace>0</YSpace>
            <SortNo>0</SortNo>
            <AD_Column_ID reference="uuid" reference-key="AD_Column">1f96f263-1c5c-4bf6-b98e-3fb635744981</AD_Column_ID>
            <IsPageBreak>N</IsPageBreak>
            <IsRelativePosition>Y</IsRelativePosition>
            <MaxWidth>0</MaxWidth>
            <IsSummarized>N</IsSummarized>
            <YPosition>0</YPosition>
            <AD_PrintColor_ID reference="id"/>
            <AD_PrintFormat_ID reference="uuid" reference-key="AD_PrintFormat">48af0dfb-df58-476b-80e4-b1860344e996</AD_PrintFormat_ID>
            <AD_Org_ID reference="id">0</AD_Org_ID>
            <XSpace>0</XSpace>
            <AD_PrintFont_ID reference="id"/>
            <IsActive>Y</IsActive>
            <IsHeightOneLine>N</IsHeightOneLine>
            <MaxHeight>0</MaxHeight>
            <XPosition>0</XPosition>
            <FieldAlignmentType>C</FieldAlignmentType>
            <IsPrinted>Y</IsPrinted>
            <IsOrderBy>N</IsOrderBy>
            <IsGroupBy>N</IsGroupBy>
            <LineAlignmentType>X</LineAlignmentType>
            <PrintFormatType>F</PrintFormatType>
            <PrintAreaType>C</PrintAreaType>
            <ImageURL/>
            <ImageIsAttached>N</ImageIsAttached>
            <IsCounted>N</IsCounted>
            <IsAveraged>N</IsAveraged>
            <IsSuppressNull>N</IsSuppressNull>
            <IsSetNLPosition>N</IsSetNLPosition>
            <BelowColumn/>
            <AD_PrintGraph_ID reference="id"/>
            <IsNextPage>N</IsNextPage>
            <IsFixedWidth>N</IsFixedWidth>
            <PrintNameSuffix/>
            <IsMaxCalc>N</IsMaxCalc>
            <RunningTotalLines/>
            <IsRunningTotal>N</IsRunningTotal>
            <IsMinCalc>N</IsMinCalc>
            <IsVarianceCalc>N</IsVarianceCalc>
            <IsDeviationCalc>N</IsDeviationCalc>
            <IsFilledRectangle>N</IsFilledRectangle>
            <LineWidth>1</LineWidth>
            <ArcDiameter>0</ArcDiameter>
            <ShapeType>N</ShapeType>
            <IsCentrallyMaintained>N</IsCentrallyMaintained>
            <IsImageField>N</IsImageField>
            <BarcodeType/>
            <FormatPattern/>
            <IsSuppressRepeats>N</IsSuppressRepeats>
            <AD_PrintFormatItem_UU>0787b16b-5e8b-45de-af33-4edbac5bb040</AD_PrintFormatItem_UU>
            <IsDesc>N</IsDesc>
            <IsPrintBarcodeText>Y</IsPrintBarcodeText>
            <DisplayLogic/>
            <IsPrintInstanceAttributes>N</IsPrintInstanceAttributes>
            <Script/>
            <AD_FieldStyle_ID reference="id"/>
            <AD_PrintFormatItem_Trl type="translation">
                <Name>Amount</Name>
                <PrintName>Monto Operación</PrintName>
                <PrintNameSuffix/>
                <AD_Language>es_CO</AD_Language>
                <IsActive>Y</IsActive>
                <IsTranslated>N</IsTranslated>
            </AD_PrintFormatItem_Trl>
        </AD_PrintFormatItem>
        <AD_PrintFormatItem type="table">
            <AD_Org_ID>0</AD_Org_ID>
            <SeqNo>90</SeqNo>
            <Name>Percent</Name>
            <IsNextLine>N</IsNextLine>
            <AD_PrintFormatChild_ID reference="id"/>
            <PrintName>Percent</PrintName>
            <YSpace>0</YSpace>
            <SortNo>0</SortNo>
            <AD_Column_ID reference="uuid" reference-key="AD_Column">bb58da60-711c-4b5f-9cf1-544136cef52d</AD_Column_ID>
            <IsPageBreak>N</IsPageBreak>
            <IsRelativePosition>Y</IsRelativePosition>
            <MaxWidth>0</MaxWidth>
            <IsSummarized>N</IsSummarized>
            <YPosition>0</YPosition>
            <AD_PrintColor_ID reference="id"/>
            <AD_PrintFormat_ID reference="uuid" reference-key="AD_PrintFormat">48af0dfb-df58-476b-80e4-b1860344e996</AD_PrintFormat_ID>
            <AD_Org_ID reference="id">0</AD_Org_ID>
            <XSpace>0</XSpace>
            <AD_PrintFont_ID reference="id"/>
            <IsActive>Y</IsActive>
            <IsHeightOneLine>N</IsHeightOneLine>
            <MaxHeight>0</MaxHeight>
            <XPosition>0</XPosition>
            <FieldAlignmentType>C</FieldAlignmentType>
            <IsPrinted>Y</IsPrinted>
            <IsOrderBy>N</IsOrderBy>
            <IsGroupBy>N</IsGroupBy>
            <LineAlignmentType>X</LineAlignmentType>
            <PrintFormatType>F</PrintFormatType>
            <PrintAreaType>C</PrintAreaType>
            <ImageURL/>
            <ImageIsAttached>N</ImageIsAttached>
            <IsCounted>N</IsCounted>
            <IsAveraged>N</IsAveraged>
            <IsSuppressNull>N</IsSuppressNull>
            <IsSetNLPosition>N</IsSetNLPosition>
            <BelowColumn/>
            <AD_PrintGraph_ID reference="id"/>
            <IsNextPage>N</IsNextPage>
            <IsFixedWidth>N</IsFixedWidth>
            <PrintNameSuffix/>
            <IsMaxCalc>N</IsMaxCalc>
            <RunningTotalLines/>
            <IsRunningTotal>N</IsRunningTotal>
            <IsMinCalc>N</IsMinCalc>
            <IsVarianceCalc>N</IsVarianceCalc>
            <IsDeviationCalc>N</IsDeviationCalc>
            <IsFilledRectangle>N</IsFilledRectangle>
            <LineWidth>1</LineWidth>
            <ArcDiameter>0</ArcDiameter>
            <ShapeType>N</ShapeType>
            <IsCentrallyMaintained>Y</IsCentrallyMaintained>
            <IsImageField>N</IsImageField>
            <BarcodeType/>
            <FormatPattern/>
            <IsSuppressRepeats>N</IsSuppressRepeats>
            <AD_PrintFormatItem_UU>b20faa49-c99a-4db4-8033-2edf333ef0ca</AD_PrintFormatItem_UU>
            <IsDesc>N</IsDesc>
            <IsPrintBarcodeText>Y</IsPrintBarcodeText>
            <DisplayLogic/>
            <IsPrintInstanceAttributes>N</IsPrintInstanceAttributes>
            <Script/>
            <AD_FieldStyle_ID reference="id"/>
            <AD_PrintFormatItem_Trl type="translation">
                <Name>Porcentaje</Name>
                <PrintName>Porcentaje</PrintName>
                <PrintNameSuffix/>
                <AD_Language>es_CO</AD_Language>
                <IsActive>Y</IsActive>
                <IsTranslated>N</IsTranslated>
            </AD_PrintFormatItem_Trl>
        </AD_PrintFormatItem>
        <AD_PrintFormatItem type="table">
            <AD_Org_ID>0</AD_Org_ID>
            <SeqNo>100</SeqNo>
            <Name>Generate XML Seniat</Name>
            <IsNextLine>N</IsNextLine>
            <AD_PrintFormatChild_ID reference="id"/>
            <PrintName>Generate XML Seniat</PrintName>
            <YSpace>0</YSpace>
            <SortNo>0</SortNo>
            <AD_Column_ID reference="uuid" reference-key="AD_Column">ecf7c4ca-f94b-4742-879a-2d59aa5ff99b</AD_Column_ID>
            <IsPageBreak>N</IsPageBreak>
            <IsRelativePosition>Y</IsRelativePosition>
            <MaxWidth>0</MaxWidth>
            <IsSummarized>N</IsSummarized>
            <YPosition>0</YPosition>
            <AD_PrintColor_ID reference="id"/>
            <AD_PrintFormat_ID reference="uuid" reference-key="AD_PrintFormat">48af0dfb-df58-476b-80e4-b1860344e996</AD_PrintFormat_ID>
            <AD_Org_ID reference="id">0</AD_Org_ID>
            <XSpace>0</XSpace>
            <AD_PrintFont_ID reference="id"/>
            <IsActive>Y</IsActive>
            <IsHeightOneLine>N</IsHeightOneLine>
            <MaxHeight>0</MaxHeight>
            <XPosition>0</XPosition>
            <FieldAlignmentType>L</FieldAlignmentType>
            <IsPrinted>N</IsPrinted>
            <IsOrderBy>N</IsOrderBy>
            <IsGroupBy>N</IsGroupBy>
            <LineAlignmentType>X</LineAlignmentType>
            <PrintFormatType>F</PrintFormatType>
            <PrintAreaType>C</PrintAreaType>
            <ImageURL/>
            <ImageIsAttached>N</ImageIsAttached>
            <IsCounted>N</IsCounted>
            <IsAveraged>N</IsAveraged>
            <IsSuppressNull>N</IsSuppressNull>
            <IsSetNLPosition>N</IsSetNLPosition>
            <BelowColumn/>
            <AD_PrintGraph_ID reference="id"/>
            <IsNextPage>N</IsNextPage>
            <IsFixedWidth>N</IsFixedWidth>
            <PrintNameSuffix/>
            <IsMaxCalc>N</IsMaxCalc>
            <RunningTotalLines/>
            <IsRunningTotal>N</IsRunningTotal>
            <IsMinCalc>N</IsMinCalc>
            <IsVarianceCalc>N</IsVarianceCalc>
            <IsDeviationCalc>N</IsDeviationCalc>
            <IsFilledRectangle>N</IsFilledRectangle>
            <LineWidth>1</LineWidth>
            <ArcDiameter>0</ArcDiameter>
            <ShapeType>N</ShapeType>
            <IsCentrallyMaintained>Y</IsCentrallyMaintained>
            <IsImageField>N</IsImageField>
            <BarcodeType/>
            <FormatPattern/>
            <IsSuppressRepeats>N</IsSuppressRepeats>
            <AD_PrintFormatItem_UU>51016855-3690-416b-a68a-63dc8a19f742</AD_PrintFormatItem_UU>
            <IsDesc>N</IsDesc>
            <IsPrintBarcodeText>Y</IsPrintBarcodeText>
            <DisplayLogic/>
            <IsPrintInstanceAttributes>N</IsPrintInstanceAttributes>
            <Script/>
            <AD_FieldStyle_ID reference="id"/>
            <AD_PrintFormatItem_Trl type="translation">
                <Name>Generar XML Seniat</Name>
                <PrintName>Generar XML Seniat</PrintName>
                <PrintNameSuffix/>
                <AD_Language>es_CO</AD_Language>
                <IsActive>Y</IsActive>
                <IsTranslated>N</IsTranslated>
            </AD_PrintFormatItem_Trl>
        </AD_PrintFormatItem>
        <AD_PrintFormatItem type="table">
            <AD_Org_ID>0</AD_Org_ID>
            <SeqNo>110</SeqNo>
            <Name>Period</Name>
            <IsNextLine>N</IsNextLine>
            <AD_PrintFormatChild_ID reference="id"/>
            <PrintName>Period</PrintName>
            <YSpace>0</YSpace>
            <SortNo>0</SortNo>
            <AD_Column_ID reference="uuid" reference-key="AD_Column">c5873b0d-5466-4bca-937f-fb04f5d0f736</AD_Column_ID>
            <IsPageBreak>N</IsPageBreak>
            <IsRelativePosition>Y</IsRelativePosition>
            <MaxWidth>0</MaxWidth>
            <IsSummarized>N</IsSummarized>
            <YPosition>0</YPosition>
            <AD_PrintColor_ID reference="id"/>
            <AD_PrintFormat_ID reference="uuid" reference-key="AD_PrintFormat">48af0dfb-df58-476b-80e4-b1860344e996</AD_PrintFormat_ID>
            <AD_Org_ID reference="id">0</AD_Org_ID>
            <XSpace>0</XSpace>
            <AD_PrintFont_ID reference="id"/>
            <IsActive>Y</IsActive>
            <IsHeightOneLine>N</IsHeightOneLine>
            <MaxHeight>0</MaxHeight>
            <XPosition>0</XPosition>
            <FieldAlignmentType>B</FieldAlignmentType>
            <IsPrinted>N</IsPrinted>
            <IsOrderBy>N</IsOrderBy>
            <IsGroupBy>N</IsGroupBy>
            <LineAlignmentType>X</LineAlignmentType>
            <PrintFormatType>F</PrintFormatType>
            <PrintAreaType>C</PrintAreaType>
            <ImageURL/>
            <ImageIsAttached>N</ImageIsAttached>
            <IsCounted>N</IsCounted>
            <IsAveraged>N</IsAveraged>
            <IsSuppressNull>N</IsSuppressNull>
            <IsSetNLPosition>N</IsSetNLPosition>
            <BelowColumn/>
            <AD_PrintGraph_ID reference="id"/>
            <IsNextPage>N</IsNextPage>
            <IsFixedWidth>N</IsFixedWidth>
            <PrintNameSuffix/>
            <IsMaxCalc>N</IsMaxCalc>
            <RunningTotalLines/>
            <IsRunningTotal>N</IsRunningTotal>
            <IsMinCalc>N</IsMinCalc>
            <IsVarianceCalc>N</IsVarianceCalc>
            <IsDeviationCalc>N</IsDeviationCalc>
            <IsFilledRectangle>N</IsFilledRectangle>
            <LineWidth>1</LineWidth>
            <ArcDiameter>0</ArcDiameter>
            <ShapeType>N</ShapeType>
            <IsCentrallyMaintained>N</IsCentrallyMaintained>
            <IsImageField>N</IsImageField>
            <BarcodeType/>
            <FormatPattern/>
            <IsSuppressRepeats>N</IsSuppressRepeats>
            <AD_PrintFormatItem_UU>1a3c474b-2e2c-41a1-991a-9b64de270f5a</AD_PrintFormatItem_UU>
            <IsDesc>N</IsDesc>
            <IsPrintBarcodeText>Y</IsPrintBarcodeText>
            <DisplayLogic/>
            <IsPrintInstanceAttributes>N</IsPrintInstanceAttributes>
            <Script/>
            <AD_FieldStyle_ID reference="id"/>
            <AD_PrintFormatItem_Trl type="translation">
                <Name>Period</Name>
                <PrintName>Periodo</PrintName>
                <PrintNameSuffix/>
                <AD_Language>es_CO</AD_Language>
                <IsActive>Y</IsActive>
                <IsTranslated>N</IsTranslated>
            </AD_PrintFormatItem_Trl>
        </AD_PrintFormatItem>
    </AD_PrintFormat>
</idempiere>
