<?xml version="1.0" encoding="UTF-8"?><idempiere Name="2Pack_6.2.6_UpdateReferences" Version="1.0.2" idempiereVersion="" DataBaseVersion="" Description="" Author="" AuthorEmail="arodriguez@itechsolutions.dev" CreatedDate="2023-03-17 13:55:24.683" UpdatedDate="2023-03-17 16:09:12.472" PackOutVersion="100" UpdateDictionary="false" Client="0-SYSTEM-System" AD_Client_UU="11237b53-9592-4af1-b3c5-afd216514b5d">
    <SQLMandatory type="custom">
        <DBType>Postgres</DBType>
        <statement>
            <![CDATA[UPDATE AD_Attribute tbl SET AD_Reference_ID = ar.AD_Reference_ID FROM AD_Reference ar WHERE ar.AD_Reference_UU = '91f20a6b-f1ac-410d-ad78-4dd03036f1f7' AND tbl.AD_Reference_ID = 21;
UPDATE AD_InfoColumn tbl SET AD_Reference_ID = ar.AD_Reference_ID FROM AD_Reference ar WHERE ar.AD_Reference_UU = '91f20a6b-f1ac-410d-ad78-4dd03036f1f7' AND tbl.AD_Reference_ID = 21;
UPDATE A_RegistrationAttribute tbl SET AD_Reference_ID = ar.AD_Reference_ID FROM AD_Reference ar WHERE ar.AD_Reference_UU = '91f20a6b-f1ac-410d-ad78-4dd03036f1f7' AND tbl.AD_Reference_ID = 21;
UPDATE WS_WebServiceFieldInput tbl SET AD_Reference_ID = ar.AD_Reference_ID FROM AD_Reference ar WHERE ar.AD_Reference_UU = '91f20a6b-f1ac-410d-ad78-4dd03036f1f7' AND tbl.AD_Reference_ID = 21;
UPDATE AD_UserDef_Field tbl SET AD_Reference_ID = ar.AD_Reference_ID FROM AD_Reference ar WHERE ar.AD_Reference_UU = '91f20a6b-f1ac-410d-ad78-4dd03036f1f7' AND tbl.AD_Reference_ID = 21;
UPDATE AD_Column tbl SET AD_Reference_ID = ar.AD_Reference_ID FROM AD_Reference ar WHERE ar.AD_Reference_UU = '91f20a6b-f1ac-410d-ad78-4dd03036f1f7' AND tbl.AD_Reference_ID = 21;
UPDATE AD_Field tbl SET AD_Reference_ID = ar.AD_Reference_ID FROM AD_Reference ar WHERE ar.AD_Reference_UU = '91f20a6b-f1ac-410d-ad78-4dd03036f1f7' AND tbl.AD_Reference_ID = 21;
UPDATE AD_Process_Para tbl SET AD_Reference_ID = ar.AD_Reference_ID FROM AD_Reference ar WHERE ar.AD_Reference_UU = '91f20a6b-f1ac-410d-ad78-4dd03036f1f7' AND tbl.AD_Reference_ID = 21;
UPDATE AD_UserDef_Proc_Parameter tbl SET AD_Reference_ID = ar.AD_Reference_ID FROM AD_Reference ar WHERE ar.AD_Reference_UU = '91f20a6b-f1ac-410d-ad78-4dd03036f1f7' AND tbl.AD_Reference_ID = 21;
UPDATE M_Attribute tbl SET AD_Reference_ID = ar.AD_Reference_ID FROM AD_Reference ar WHERE ar.AD_Reference_UU = '91f20a6b-f1ac-410d-ad78-4dd03036f1f7' AND tbl.AD_Reference_ID = 21;
UPDATE AD_UserDef_Info_Column tbl SET AD_Reference_ID = ar.AD_Reference_ID FROM AD_Reference ar WHERE ar.AD_Reference_UU = '91f20a6b-f1ac-410d-ad78-4dd03036f1f7' AND tbl.AD_Reference_ID = 21;
]]>
        </statement>
    </SQLMandatory>
    <AD_Message type="table">
        <AD_Client_ID>0</AD_Client_ID>
        <AD_Org_ID>0</AD_Org_ID>
        <MsgType>I</MsgType>
        <MsgText>Municipality</MsgText>
        <MsgTip/>
        <AD_Org_ID reference="id">0</AD_Org_ID>
        <IsActive>Y</IsActive>
        <Value>Municipality</Value>
        <EntityType>AMERP</EntityType>
        <AD_Message_UU>afc9778f-ca0a-4897-9979-c3297d4237f1</AD_Message_UU>
        <AD_Message_Trl type="translation">
            <MsgText>Municipio</MsgText>
            <MsgTip/>
            <AD_Language>es_CO</AD_Language>
            <IsActive>Y</IsActive>
            <IsTranslated>Y</IsTranslated>
        </AD_Message_Trl>
    </AD_Message>
    <AD_Message type="table">
        <AD_Client_ID>0</AD_Client_ID>
        <AD_Org_ID>0</AD_Org_ID>
        <MsgType>I</MsgType>
        <MsgText>Parish</MsgText>
        <MsgTip/>
        <AD_Org_ID reference="id">0</AD_Org_ID>
        <IsActive>Y</IsActive>
        <Value>Parish</Value>
        <EntityType>AMERP</EntityType>
        <AD_Message_UU>93f090c9-87d1-441e-9b74-0a33c655ea27</AD_Message_UU>
        <AD_Message_Trl type="translation">
            <MsgText>Parroquia</MsgText>
            <MsgTip/>
            <AD_Language>es_CO</AD_Language>
            <IsActive>Y</IsActive>
            <IsTranslated>Y</IsTranslated>
        </AD_Message_Trl>
    </AD_Message>
    <AD_Element type="table">
        <AD_Client_ID>0</AD_Client_ID>
        <AD_Org_ID>0</AD_Org_ID>
        <AD_Org_ID reference="id">0</AD_Org_ID>
        <IsActive>Y</IsActive>
        <ColumnName>C_Municipality_ID</ColumnName>
        <Name>Municipality</Name>
        <Description/>
        <Help/>
        <PrintName>Municipality</PrintName>
        <PO_Description/>
        <PO_Help/>
        <PO_Name/>
        <PO_PrintName/>
        <EntityType>AMERP</EntityType>
        <AD_Element_UU>bd5eeb66-43e5-4f54-997f-15c8a9d7f888</AD_Element_UU>
        <Placeholder/>
        <AD_Element_Trl type="translation">
            <Description/>
            <Help/>
            <Name>Municipio</Name>
            <Placeholder/>
            <PO_Description/>
            <PO_Help/>
            <PO_Name/>
            <PO_PrintName/>
            <PrintName>Municipio</PrintName>
            <AD_Language>es_CO</AD_Language>
            <IsActive>Y</IsActive>
            <IsTranslated>N</IsTranslated>
        </AD_Element_Trl>
    </AD_Element>
    <AD_Element type="table">
        <AD_Client_ID>0</AD_Client_ID>
        <AD_Org_ID>0</AD_Org_ID>
        <AD_Org_ID reference="id">0</AD_Org_ID>
        <IsActive>Y</IsActive>
        <ColumnName>C_Parish_ID</ColumnName>
        <Name>Parish</Name>
        <Description/>
        <Help/>
        <PrintName>Parish</PrintName>
        <PO_Description/>
        <PO_Help/>
        <PO_Name/>
        <PO_PrintName/>
        <EntityType>AMERP</EntityType>
        <AD_Element_UU>f6115ba7-b8ba-419b-a75f-a4ef497196b8</AD_Element_UU>
        <Placeholder/>
        <AD_Element_Trl type="translation">
            <Description/>
            <Help/>
            <Name>Parroquia</Name>
            <Placeholder/>
            <PO_Description/>
            <PO_Help/>
            <PO_Name/>
            <PO_PrintName/>
            <PrintName>Parroquia</PrintName>
            <AD_Language>es_CO</AD_Language>
            <IsActive>Y</IsActive>
            <IsTranslated>N</IsTranslated>
        </AD_Element_Trl>
    </AD_Element>
</idempiere>
