<?xml version="1.0" encoding="UTF-8"?><idempiere Name="2Pack_6.4.3_GenerateXMLMSg" Version="1.0.0" idempiereVersion="" DataBaseVersion="" Description="" Author="" AuthorEmail="" CreatedDate="2022-09-02 13:28:28.857" UpdatedDate="2022-09-02 13:28:28.857" PackOutVersion="100" UpdateDictionary="true" Client="0-SYSTEM-System" AD_Client_UU="11237b53-9592-4af1-b3c5-afd216514b5d">
    <AD_Message type="table">
        <AD_Client_ID>0</AD_Client_ID>
        <AD_Org_ID>0</AD_Org_ID>
        <MsgType>E</MsgType>
        <MsgText>Ya Existe un Registro con ese Rango de Fechas</MsgText>
        <MsgTip/>
        <AD_Org_ID reference="id">0</AD_Org_ID>
        <IsActive>Y</IsActive>
        <Value>ValidateXML</Value>
        <EntityType>ITS</EntityType>
        <AD_Message_UU>5ebd2b23-aee7-4fec-ac64-95069eb9e390</AD_Message_UU>
        <AD_Message_Trl type="translation">
            <MsgText>Ya Existe un Registro con ese Rango de Fechas</MsgText>
            <MsgTip/>
            <AD_Language>es_CO</AD_Language>
            <IsActive>Y</IsActive>
            <IsTranslated>N</IsTranslated>
        </AD_Message_Trl>
    </AD_Message>
</idempiere>
