<?xml version="1.0" encoding="UTF-8"?><idempiere Name="2Pack_6.4.2_GenerateWithholdingVouchers" Version="1.0" idempiereVersion="" DataBaseVersion="" Description="" Author="" AuthorEmail="" CreatedDate="2023-03-28 09:24:44.964" UpdatedDate="2023-03-28 09:24:44.964" PackOutVersion="100" UpdateDictionary="true" Client="0-SYSTEM-System" AD_Client_UU="11237b53-9592-4af1-b3c5-afd216514b5d">
    <AD_Menu type="table">
        <Parent_ID reference="uuid" reference-key="AD_Menu">15b4307e-555b-4e93-a48f-7132edfd324c</Parent_ID>
        <SeqNo>13</SeqNo>
        <AD_Client_ID>0</AD_Client_ID>
        <AD_Org_ID>0</AD_Org_ID>
        <Name>Generate Withholding Vouchers</Name>
        <Description/>
        <Action>P</Action>
        <AD_Window_ID reference="id"/>
        <AD_Workflow_ID reference="id"/>
        <AD_Task_ID reference="id"/>
        <AD_Org_ID reference="id">0</AD_Org_ID>
        <IsActive>Y</IsActive>
        <IsSummary>N</IsSummary>
        <AD_Process_ID reference="uuid" reference-key="AD_Process">d10db7e3-e318-45f0-80c1-8a5af9a8abcf</AD_Process_ID>
        <IsSOTrx>Y</IsSOTrx>
        <AD_Form_ID reference="id"/>
        <IsReadOnly>N</IsReadOnly>
        <EntityType>ITS</EntityType>
        <IsCentrallyMaintained>Y</IsCentrallyMaintained>
        <AD_Menu_UU>cc0633b3-b7cd-4c6d-99eb-d0c26e913b63</AD_Menu_UU>
        <AD_InfoWindow_ID reference="id"/>
        <PredefinedContextVariables/>
        <AD_Menu_Trl type="translation">
            <Description/>
            <Name>Generar Comprobantes de Retención</Name>
            <AD_Language>es_CO</AD_Language>
            <IsActive>Y</IsActive>
            <IsTranslated>N</IsTranslated>
        </AD_Menu_Trl>
        <AD_Process type="table">
            <AD_Client_ID>0</AD_Client_ID>
            <AD_Org_ID>0</AD_Org_ID>
            <AD_Org_ID reference="id">0</AD_Org_ID>
            <IsActive>Y</IsActive>
            <Name>Generate Withholding Vouchers</Name>
            <Description/>
            <Help/>
            <ProcedureName/>
            <IsReport>N</IsReport>
            <Value>ITS_GenerateWithholdingVouchers</Value>
            <IsDirectPrint>N</IsDirectPrint>
            <AD_ReportView_ID reference="id"/>
            <Classname>dev.itechsolutions.process.GenerateWithholdingVouchers</Classname>
            <AccessLevel>3</AccessLevel>
            <EntityType>ITS</EntityType>
            <Statistic_Count>16</Statistic_Count>
            <Statistic_Seconds>1166</Statistic_Seconds>
            <AD_PrintFormat_ID reference="id"/>
            <WorkflowValue/>
            <AD_Workflow_ID reference="id"/>
            <IsBetaFunctionality>N</IsBetaFunctionality>
            <ShowHelp>Y</ShowHelp>
            <JasperReport/>
            <AD_Form_ID reference="id"/>
            <CopyFromProcess>N</CopyFromProcess>
            <AD_Process_UU>d10db7e3-e318-45f0-80c1-8a5af9a8abcf</AD_Process_UU>
            <AD_CtxHelp_ID reference="id"/>
            <ExecutionType/>
            <AllowMultipleExecution>P</AllowMultipleExecution>
            <AD_Process_Trl type="translation">
                <Description/>
                <Help/>
                <Name>Generar Comprobantes de Retención</Name>
                <AD_Language>es_CO</AD_Language>
                <IsActive>Y</IsActive>
                <IsTranslated>N</IsTranslated>
            </AD_Process_Trl>
            <AD_Reference type="table">
                <AD_Reference_ID>19</AD_Reference_ID>
                <AD_Client_ID>0</AD_Client_ID>
                <AD_Org_ID>0</AD_Org_ID>
                <AD_Reference_ID>19</AD_Reference_ID>
                <Name>Table Direct</Name>
                <Description>Direct Table Access</Description>
                <Help/>
                <ValidationType>D</ValidationType>
                <AD_Org_ID reference="id">0</AD_Org_ID>
                <IsActive>Y</IsActive>
                <VFormat/>
                <EntityType>D</EntityType>
                <IsOrderByValue>N</IsOrderByValue>
                <AD_Reference_UU>85767149-7019-4224-a8d0-41f0d9d77d47</AD_Reference_UU>
                <AD_Element_ID reference="id"/>
                <AD_Reference_Trl type="translation">
                    <Description>Acceso directo de tabla</Description>
                    <Help/>
                    <Name>Tabla Directa</Name>
                    <AD_Language>es_CO</AD_Language>
                    <IsActive>Y</IsActive>
                    <IsTranslated>Y</IsTranslated>
                </AD_Reference_Trl>
            </AD_Reference>
            <AD_Element type="table">
                <AD_Element_ID>113</AD_Element_ID>
                <AD_Client_ID>0</AD_Client_ID>
                <AD_Org_ID>0</AD_Org_ID>
                <AD_Element_ID>113</AD_Element_ID>
                <AD_Org_ID reference="id">0</AD_Org_ID>
                <IsActive>Y</IsActive>
                <ColumnName>AD_Org_ID</ColumnName>
                <Name>Organization</Name>
                <Description>Organizational entity within client</Description>
                <Help>An organization is a unit of your client or legal entity - examples are store, department. You can share data between organizations.</Help>
                <PrintName>Organization</PrintName>
                <PO_Description/>
                <PO_Help/>
                <PO_Name/>
                <PO_PrintName/>
                <EntityType>D</EntityType>
                <AD_Element_UU>d8103f72-3282-4298-9ed4-360b12abc9d2</AD_Element_UU>
                <Placeholder/>
                <AD_Element_Trl type="translation">
                    <Description>Entidad organizacional dentro del grupo empresarial</Description>
                    <Help>Una organización es una unidad del grupo empresarial o entidad legal - Ej. Tiendas y departamentos. Es posible compartir datos entre organizaciones.</Help>
                    <Name>Organización</Name>
                    <Placeholder/>
                    <PO_Description/>
                    <PO_Help/>
                    <PO_Name/>
                    <PO_PrintName/>
                    <PrintName>Organización</PrintName>
                    <AD_Language>es_CO</AD_Language>
                    <IsActive>Y</IsActive>
                    <IsTranslated>Y</IsTranslated>
                </AD_Element_Trl>
            </AD_Element>
            <AD_Process_Para type="table">
                <AD_Client_ID>0</AD_Client_ID>
                <AD_Org_ID>0</AD_Org_ID>
                <AD_Org_ID reference="id">0</AD_Org_ID>
                <IsActive>Y</IsActive>
                <Name>Organization</Name>
                <Description>Organizational entity within client</Description>
                <Help>An organization is a unit of your client or legal entity - examples are store, department. You can share data between organizations.</Help>
                <AD_Process_ID reference="uuid" reference-key="AD_Process">d10db7e3-e318-45f0-80c1-8a5af9a8abcf</AD_Process_ID>
                <SeqNo>10</SeqNo>
                <AD_Reference_ID reference="id">19</AD_Reference_ID>
                <AD_Reference_Value_ID reference="id"/>
                <IsRange>N</IsRange>
                <AD_Val_Rule_ID reference="id"/>
                <FieldLength>0</FieldLength>
                <IsMandatory>Y</IsMandatory>
                <DefaultValue/>
                <VFormat/>
                <ValueMin/>
                <ValueMax/>
                <ColumnName>AD_Org_ID</ColumnName>
                <DefaultValue2/>
                <IsCentrallyMaintained>Y</IsCentrallyMaintained>
                <EntityType>ITS</EntityType>
                <AD_Element_ID reference="id">113</AD_Element_ID>
                <ReadOnlyLogic/>
                <DisplayLogic/>
                <AD_Process_Para_UU>117f0d6b-f3a9-4dd5-943b-bb04bdbd255e</AD_Process_Para_UU>
                <IsEncrypted>N</IsEncrypted>
                <MandatoryLogic/>
                <Placeholder/>
                <Placeholder2/>
                <IsAutocomplete>N</IsAutocomplete>
                <AD_Process_Para_Trl type="translation">
                    <Description>Entidad organizacional dentro del grupo empresarial</Description>
                    <Help>Una organización es una unidad del grupo empresarial o entidad legal - Ej. Tiendas y departamentos. Es posible compartir datos entre organizaciones.</Help>
                    <Name>Organización</Name>
                    <Placeholder/>
                    <Placeholder2/>
                    <AD_Language>es_CO</AD_Language>
                    <IsActive>Y</IsActive>
                    <IsTranslated>Y</IsTranslated>
                </AD_Process_Para_Trl>
            </AD_Process_Para>
            <AD_Element type="table">
                <AD_Client_ID>0</AD_Client_ID>
                <AD_Org_ID>0</AD_Org_ID>
                <AD_Org_ID reference="id">0</AD_Org_ID>
                <IsActive>Y</IsActive>
                <ColumnName>LCO_WithholdingType_ID</ColumnName>
                <Name>Withholding Type</Name>
                <Description/>
                <Help/>
                <PrintName>Withholding Type</PrintName>
                <PO_Description/>
                <PO_Help/>
                <PO_Name/>
                <PO_PrintName/>
                <EntityType>QSS_LCO</EntityType>
                <AD_Element_UU>a5bcdc79-6e3e-470a-9e9c-2947e64ca9f2</AD_Element_UU>
                <Placeholder/>
                <AD_Element_Trl type="translation">
                    <Description/>
                    <Help/>
                    <Name>Tipo Retención</Name>
                    <Placeholder/>
                    <PO_Description/>
                    <PO_Help/>
                    <PO_Name/>
                    <PO_PrintName/>
                    <PrintName>Tipo Retención</PrintName>
                    <AD_Language>es_CO</AD_Language>
                    <IsActive>Y</IsActive>
                    <IsTranslated>Y</IsTranslated>
                </AD_Element_Trl>
            </AD_Element>
            <AD_Process_Para type="table">
                <AD_Client_ID>0</AD_Client_ID>
                <AD_Org_ID>0</AD_Org_ID>
                <AD_Org_ID reference="id">0</AD_Org_ID>
                <IsActive>Y</IsActive>
                <Name>Withholding Type</Name>
                <Description/>
                <Help/>
                <AD_Process_ID reference="uuid" reference-key="AD_Process">d10db7e3-e318-45f0-80c1-8a5af9a8abcf</AD_Process_ID>
                <SeqNo>20</SeqNo>
                <AD_Reference_ID reference="id">19</AD_Reference_ID>
                <AD_Reference_Value_ID reference="id"/>
                <IsRange>N</IsRange>
                <AD_Val_Rule_ID reference="id"/>
                <FieldLength>11</FieldLength>
                <IsMandatory>Y</IsMandatory>
                <DefaultValue/>
                <VFormat/>
                <ValueMin/>
                <ValueMax/>
                <ColumnName>LCO_WithholdingType_ID</ColumnName>
                <DefaultValue2/>
                <IsCentrallyMaintained>Y</IsCentrallyMaintained>
                <EntityType>ITS</EntityType>
                <AD_Element_ID reference="uuid" reference-key="AD_Element">a5bcdc79-6e3e-470a-9e9c-2947e64ca9f2</AD_Element_ID>
                <ReadOnlyLogic/>
                <DisplayLogic/>
                <AD_Process_Para_UU>c36e386d-22fd-465d-90f3-8f118fdf9551</AD_Process_Para_UU>
                <IsEncrypted>N</IsEncrypted>
                <MandatoryLogic/>
                <Placeholder/>
                <Placeholder2/>
                <IsAutocomplete>N</IsAutocomplete>
                <AD_Process_Para_Trl type="translation">
                    <Description/>
                    <Help/>
                    <Name>Tipo Retención</Name>
                    <Placeholder/>
                    <Placeholder2/>
                    <AD_Language>es_CO</AD_Language>
                    <IsActive>Y</IsActive>
                    <IsTranslated>Y</IsTranslated>
                </AD_Process_Para_Trl>
            </AD_Process_Para>
            <AD_Reference type="table">
                <AD_Reference_ID>15</AD_Reference_ID>
                <AD_Client_ID>0</AD_Client_ID>
                <AD_Org_ID>0</AD_Org_ID>
                <AD_Reference_ID>15</AD_Reference_ID>
                <Name>Date</Name>
                <Description>Date mm/dd/yyyy</Description>
                <Help/>
                <ValidationType>D</ValidationType>
                <AD_Org_ID reference="id">0</AD_Org_ID>
                <IsActive>Y</IsActive>
                <VFormat/>
                <EntityType>D</EntityType>
                <IsOrderByValue>N</IsOrderByValue>
                <AD_Reference_UU>fea92a20-5ea7-445c-b010-101d74f5e124</AD_Reference_UU>
                <AD_Element_ID reference="id"/>
                <AD_Reference_Trl type="translation">
                    <Description>Fecha mm/dd/aaaa</Description>
                    <Help/>
                    <Name>Fecha</Name>
                    <AD_Language>es_CO</AD_Language>
                    <IsActive>Y</IsActive>
                    <IsTranslated>Y</IsTranslated>
                </AD_Reference_Trl>
            </AD_Reference>
            <AD_Element type="table">
                <AD_Element_ID>265</AD_Element_ID>
                <AD_Client_ID>0</AD_Client_ID>
                <AD_Org_ID>0</AD_Org_ID>
                <AD_Element_ID>265</AD_Element_ID>
                <AD_Org_ID reference="id">0</AD_Org_ID>
                <IsActive>Y</IsActive>
                <ColumnName>DateDoc</ColumnName>
                <Name>Document Date</Name>
                <Description>Date of the Document</Description>
                <Help>The Document Date indicates the date the document was generated.  It may or may not be the same as the accounting date.</Help>
                <PrintName>Doc date</PrintName>
                <PO_Description/>
                <PO_Help/>
                <PO_Name/>
                <PO_PrintName/>
                <EntityType>D</EntityType>
                <AD_Element_UU>7bce363a-524d-427e-8ea1-6cf54fe2524c</AD_Element_UU>
                <Placeholder/>
                <AD_Element_Trl type="translation">
                    <Description>Fecha del documento</Description>
                    <Help>La fecha del documento indica la fecha en que el documento fue generado. Puede o no ser la misma que la fecha contable.</Help>
                    <Name>Fecha Documento</Name>
                    <Placeholder/>
                    <PO_Description/>
                    <PO_Help/>
                    <PO_Name/>
                    <PO_PrintName/>
                    <PrintName>Fecha Documento</PrintName>
                    <AD_Language>es_CO</AD_Language>
                    <IsActive>Y</IsActive>
                    <IsTranslated>Y</IsTranslated>
                </AD_Element_Trl>
            </AD_Element>
            <AD_Process_Para type="table">
                <AD_Client_ID>0</AD_Client_ID>
                <AD_Org_ID>0</AD_Org_ID>
                <AD_Org_ID reference="id">0</AD_Org_ID>
                <IsActive>Y</IsActive>
                <Name>Document Date</Name>
                <Description>Date of the Document</Description>
                <Help>The Document Date indicates the date the document was generated.  It may or may not be the same as the accounting date.</Help>
                <AD_Process_ID reference="uuid" reference-key="AD_Process">d10db7e3-e318-45f0-80c1-8a5af9a8abcf</AD_Process_ID>
                <SeqNo>30</SeqNo>
                <AD_Reference_ID reference="id">15</AD_Reference_ID>
                <AD_Reference_Value_ID reference="id"/>
                <IsRange>Y</IsRange>
                <AD_Val_Rule_ID reference="id"/>
                <FieldLength>0</FieldLength>
                <IsMandatory>Y</IsMandatory>
                <DefaultValue/>
                <VFormat/>
                <ValueMin/>
                <ValueMax/>
                <ColumnName>DateDoc</ColumnName>
                <DefaultValue2/>
                <IsCentrallyMaintained>Y</IsCentrallyMaintained>
                <EntityType>ITS</EntityType>
                <AD_Element_ID reference="id">265</AD_Element_ID>
                <ReadOnlyLogic/>
                <DisplayLogic/>
                <AD_Process_Para_UU>315239b0-0613-4659-bbd7-a4b9b886b9bd</AD_Process_Para_UU>
                <IsEncrypted>N</IsEncrypted>
                <MandatoryLogic/>
                <Placeholder/>
                <Placeholder2>To</Placeholder2>
                <IsAutocomplete>N</IsAutocomplete>
                <AD_Process_Para_Trl type="translation">
                    <Description>Fecha del documento</Description>
                    <Help>La fecha del documento indica la fecha en que el documento fue generado. Puede o no ser la misma que la fecha contable.</Help>
                    <Name>Fecha Documento</Name>
                    <Placeholder/>
                    <Placeholder2>Hacia</Placeholder2>
                    <AD_Language>es_CO</AD_Language>
                    <IsActive>Y</IsActive>
                    <IsTranslated>Y</IsTranslated>
                </AD_Process_Para_Trl>
            </AD_Process_Para>
            <AD_Element type="table">
                <AD_Element_ID>1297</AD_Element_ID>
                <AD_Client_ID>0</AD_Client_ID>
                <AD_Org_ID>0</AD_Org_ID>
                <AD_Element_ID>1297</AD_Element_ID>
                <AD_Org_ID reference="id">0</AD_Org_ID>
                <IsActive>Y</IsActive>
                <ColumnName>DateTrx</ColumnName>
                <Name>Transaction Date</Name>
                <Description>Transaction Date</Description>
                <Help>The Transaction Date indicates the date of the transaction.</Help>
                <PrintName>Trx Date</PrintName>
                <PO_Description/>
                <PO_Help/>
                <PO_Name/>
                <PO_PrintName/>
                <EntityType>D</EntityType>
                <AD_Element_UU>23749552-2561-47ac-9674-d35f721df554</AD_Element_UU>
                <Placeholder/>
                <AD_Element_Trl type="translation">
                    <Description>Fecha de la transacción</Description>
                    <Help>La fecha de transacción indica la fecha en que se ejecutó la transacción</Help>
                    <Name>Fecha Transacción</Name>
                    <Placeholder/>
                    <PO_Description/>
                    <PO_Help/>
                    <PO_Name/>
                    <PO_PrintName/>
                    <PrintName>Fecha Transacción</PrintName>
                    <AD_Language>es_CO</AD_Language>
                    <IsActive>Y</IsActive>
                    <IsTranslated>Y</IsTranslated>
                </AD_Element_Trl>
            </AD_Element>
            <AD_Process_Para type="table">
                <AD_Client_ID>0</AD_Client_ID>
                <AD_Org_ID>0</AD_Org_ID>
                <AD_Org_ID reference="id">0</AD_Org_ID>
                <IsActive>Y</IsActive>
                <Name>Transaction Date</Name>
                <Description>Transaction Date</Description>
                <Help>The Transaction Date indicates the date of the transaction.</Help>
                <AD_Process_ID reference="uuid" reference-key="AD_Process">d10db7e3-e318-45f0-80c1-8a5af9a8abcf</AD_Process_ID>
                <SeqNo>40</SeqNo>
                <AD_Reference_ID reference="id">15</AD_Reference_ID>
                <AD_Reference_Value_ID reference="id"/>
                <IsRange>N</IsRange>
                <AD_Val_Rule_ID reference="id"/>
                <FieldLength>0</FieldLength>
                <IsMandatory>Y</IsMandatory>
                <DefaultValue>@#Date@</DefaultValue>
                <VFormat/>
                <ValueMin/>
                <ValueMax/>
                <ColumnName>DateTrx</ColumnName>
                <DefaultValue2/>
                <IsCentrallyMaintained>Y</IsCentrallyMaintained>
                <EntityType>ITS</EntityType>
                <AD_Element_ID reference="id">1297</AD_Element_ID>
                <ReadOnlyLogic/>
                <DisplayLogic/>
                <AD_Process_Para_UU>3fca94ca-12cd-461c-9f70-a73b798163a4</AD_Process_Para_UU>
                <IsEncrypted>N</IsEncrypted>
                <MandatoryLogic/>
                <Placeholder/>
                <Placeholder2/>
                <IsAutocomplete>N</IsAutocomplete>
                <AD_Process_Para_Trl type="translation">
                    <Description>Fecha de la transacción</Description>
                    <Help>La fecha de transacción indica la fecha en que se ejecutó la transacción</Help>
                    <Name>Fecha Transacción</Name>
                    <Placeholder/>
                    <Placeholder2/>
                    <AD_Language>es_CO</AD_Language>
                    <IsActive>Y</IsActive>
                    <IsTranslated>Y</IsTranslated>
                </AD_Process_Para_Trl>
            </AD_Process_Para>
            <AD_Val_Rule type="table">
                <AD_Val_Rule_ID>200091</AD_Val_Rule_ID>
                <AD_Client_ID>0</AD_Client_ID>
                <AD_Org_ID>0</AD_Org_ID>
                <AD_Val_Rule_ID>200091</AD_Val_Rule_ID>
                <Name>C_Currency in accounting schema</Name>
                <Description>Available currencies are based on the schemas currency.</Description>
                <Type>S</Type>
                <Code>C_Currency_ID in (SELECT C_Currency_ID FROM C_AcctSchema Where AD_Client_ID = @AD_Client_ID@ AND (IsMemberOfAcctSchema(AD_Client_ID,@AD_Org_ID@,C_AcctSchema_ID) OR AD_OrgOnly_ID Is NULL ))</Code>
                <AD_Org_ID reference="id">0</AD_Org_ID>
                <IsActive>Y</IsActive>
                <EntityType>D</EntityType>
                <AD_Val_Rule_UU>b632eb71-14ab-498f-b956-58f549082dea</AD_Val_Rule_UU>
            </AD_Val_Rule>
            <AD_Element type="table">
                <AD_Element_ID>193</AD_Element_ID>
                <AD_Client_ID>0</AD_Client_ID>
                <AD_Org_ID>0</AD_Org_ID>
                <AD_Element_ID>193</AD_Element_ID>
                <AD_Org_ID reference="id">0</AD_Org_ID>
                <IsActive>Y</IsActive>
                <ColumnName>C_Currency_ID</ColumnName>
                <Name>Currency</Name>
                <Description>The Currency for this record</Description>
                <Help>Indicates the Currency to be used when processing or reporting on this record</Help>
                <PrintName>Currency</PrintName>
                <PO_Description/>
                <PO_Help/>
                <PO_Name/>
                <PO_PrintName/>
                <EntityType>D</EntityType>
                <AD_Element_UU>93bc198b-7452-4bf6-bbd3-268acd9f7b7f</AD_Element_UU>
                <Placeholder/>
                <AD_Element_Trl type="translation">
                    <Description>Moneda para este registro</Description>
                    <Help>Indica la moneda a ser usada cuando se procese o Informe este registro</Help>
                    <Name>Moneda</Name>
                    <Placeholder/>
                    <PO_Description/>
                    <PO_Help/>
                    <PO_Name/>
                    <PO_PrintName/>
                    <PrintName>Moneda</PrintName>
                    <AD_Language>es_CO</AD_Language>
                    <IsActive>Y</IsActive>
                    <IsTranslated>Y</IsTranslated>
                </AD_Element_Trl>
            </AD_Element>
            <AD_Process_Para type="table">
                <AD_Client_ID>0</AD_Client_ID>
                <AD_Org_ID>0</AD_Org_ID>
                <AD_Org_ID reference="id">0</AD_Org_ID>
                <IsActive>Y</IsActive>
                <Name>Currency</Name>
                <Description>The Currency for this record</Description>
                <Help>Indicates the Currency to be used when processing or reporting on this record</Help>
                <AD_Process_ID reference="uuid" reference-key="AD_Process">d10db7e3-e318-45f0-80c1-8a5af9a8abcf</AD_Process_ID>
                <SeqNo>50</SeqNo>
                <AD_Reference_ID reference="id">19</AD_Reference_ID>
                <AD_Reference_Value_ID reference="id"/>
                <IsRange>N</IsRange>
                <AD_Val_Rule_ID reference="id">200091</AD_Val_Rule_ID>
                <FieldLength>0</FieldLength>
                <IsMandatory>Y</IsMandatory>
                <DefaultValue>@$C_Currency_ID@</DefaultValue>
                <VFormat/>
                <ValueMin/>
                <ValueMax/>
                <ColumnName>C_Currency_ID</ColumnName>
                <DefaultValue2/>
                <IsCentrallyMaintained>Y</IsCentrallyMaintained>
                <EntityType>ITS</EntityType>
                <AD_Element_ID reference="id">193</AD_Element_ID>
                <ReadOnlyLogic/>
                <DisplayLogic/>
                <AD_Process_Para_UU>23630926-61d1-4099-a8b4-2416fa035f8b</AD_Process_Para_UU>
                <IsEncrypted>N</IsEncrypted>
                <MandatoryLogic/>
                <Placeholder/>
                <Placeholder2/>
                <IsAutocomplete>N</IsAutocomplete>
                <AD_Process_Para_Trl type="translation">
                    <Description>Moneda para este registro</Description>
                    <Help>Indica la moneda a ser usada cuando se procese o Informe este registro</Help>
                    <Name>Moneda</Name>
                    <Placeholder/>
                    <Placeholder2/>
                    <AD_Language>es_CO</AD_Language>
                    <IsActive>Y</IsActive>
                    <IsTranslated>Y</IsTranslated>
                </AD_Process_Para_Trl>
            </AD_Process_Para>
            <AD_Element type="table">
                <AD_Element_ID>2278</AD_Element_ID>
                <AD_Client_ID>0</AD_Client_ID>
                <AD_Org_ID>0</AD_Org_ID>
                <AD_Element_ID>2278</AD_Element_ID>
                <AD_Org_ID reference="id">0</AD_Org_ID>
                <IsActive>Y</IsActive>
                <ColumnName>C_ConversionType_ID</ColumnName>
                <Name>Currency Type</Name>
                <Description>Currency Conversion Rate Type</Description>
                <Help>The Currency Conversion Rate Type lets you define different type of rates, e.g. Spot, Corporate and/or Sell/Buy rates.</Help>
                <PrintName>Currency Type</PrintName>
                <PO_Description/>
                <PO_Help/>
                <PO_Name/>
                <PO_PrintName/>
                <EntityType>D</EntityType>
                <AD_Element_UU>72d153ce-a71f-4797-9702-b6762442af33</AD_Element_UU>
                <Placeholder/>
                <AD_Element_Trl type="translation">
                    <Description>Tipo de índice de conversión de moneda</Description>
                    <Help>El tipo del índice de conversión de monedas le deja definir diversos tipos de tarifas, tarifas ej. del punto, corporativas y/o de Ventas/Compras.</Help>
                    <Name>Tipo de Conversión</Name>
                    <Placeholder/>
                    <PO_Description/>
                    <PO_Help/>
                    <PO_Name/>
                    <PO_PrintName/>
                    <PrintName>Tipo de Conversión</PrintName>
                    <AD_Language>es_CO</AD_Language>
                    <IsActive>Y</IsActive>
                    <IsTranslated>Y</IsTranslated>
                </AD_Element_Trl>
            </AD_Element>
            <AD_Process_Para type="table">
                <AD_Client_ID>0</AD_Client_ID>
                <AD_Org_ID>0</AD_Org_ID>
                <AD_Org_ID reference="id">0</AD_Org_ID>
                <IsActive>Y</IsActive>
                <Name>Currency Type</Name>
                <Description>Currency Conversion Rate Type</Description>
                <Help>The Currency Conversion Rate Type lets you define different type of rates, e.g. Spot, Corporate and/or Sell/Buy rates.</Help>
                <AD_Process_ID reference="uuid" reference-key="AD_Process">d10db7e3-e318-45f0-80c1-8a5af9a8abcf</AD_Process_ID>
                <SeqNo>60</SeqNo>
                <AD_Reference_ID reference="id">19</AD_Reference_ID>
                <AD_Reference_Value_ID reference="id"/>
                <IsRange>N</IsRange>
                <AD_Val_Rule_ID reference="id"/>
                <FieldLength>0</FieldLength>
                <IsMandatory>Y</IsMandatory>
                <DefaultValue/>
                <VFormat/>
                <ValueMin/>
                <ValueMax/>
                <ColumnName>C_ConversionType_ID</ColumnName>
                <DefaultValue2/>
                <IsCentrallyMaintained>Y</IsCentrallyMaintained>
                <EntityType>ITS</EntityType>
                <AD_Element_ID reference="id">2278</AD_Element_ID>
                <ReadOnlyLogic/>
                <DisplayLogic/>
                <AD_Process_Para_UU>dc2a9feb-e57b-44ff-a12c-8243a831c0b4</AD_Process_Para_UU>
                <IsEncrypted>N</IsEncrypted>
                <MandatoryLogic/>
                <Placeholder/>
                <Placeholder2/>
                <IsAutocomplete>N</IsAutocomplete>
                <AD_Process_Para_Trl type="translation">
                    <Description>Tipo de índice de conversión de moneda</Description>
                    <Help>El tipo del índice de conversión de monedas le deja definir diversos tipos de tarifas, tarifas ej. del punto, corporativas y/o de Ventas/Compras.</Help>
                    <Name>Tipo de Conversión</Name>
                    <Placeholder/>
                    <Placeholder2/>
                    <AD_Language>es_CO</AD_Language>
                    <IsActive>Y</IsActive>
                    <IsTranslated>Y</IsTranslated>
                </AD_Process_Para_Trl>
            </AD_Process_Para>
            <AD_Reference type="table">
                <AD_Reference_ID>30</AD_Reference_ID>
                <AD_Client_ID>0</AD_Client_ID>
                <AD_Org_ID>0</AD_Org_ID>
                <AD_Reference_ID>30</AD_Reference_ID>
                <Name>Search</Name>
                <Description>Search Field</Description>
                <Help/>
                <ValidationType>D</ValidationType>
                <AD_Org_ID reference="id">0</AD_Org_ID>
                <IsActive>Y</IsActive>
                <VFormat/>
                <EntityType>D</EntityType>
                <IsOrderByValue>N</IsOrderByValue>
                <AD_Reference_UU>199e084e-6ad2-4bcd-8f5e-fdd08f4c0748</AD_Reference_UU>
                <AD_Element_ID reference="id"/>
                <AD_Reference_Trl type="translation">
                    <Description>Campo de Búsqueda</Description>
                    <Help/>
                    <Name>Búsqueda</Name>
                    <AD_Language>es_CO</AD_Language>
                    <IsActive>Y</IsActive>
                    <IsTranslated>Y</IsTranslated>
                </AD_Reference_Trl>
            </AD_Reference>
            <AD_Element type="table">
                <AD_Element_ID>187</AD_Element_ID>
                <AD_Client_ID>0</AD_Client_ID>
                <AD_Org_ID>0</AD_Org_ID>
                <AD_Element_ID>187</AD_Element_ID>
                <AD_Org_ID reference="id">0</AD_Org_ID>
                <IsActive>Y</IsActive>
                <ColumnName>C_BPartner_ID</ColumnName>
                <Name>Business Partner </Name>
                <Description>Identifies a Business Partner</Description>
                <Help>A Business Partner is anyone with whom you transact.  This can include Vendor, Customer, Employee or Salesperson</Help>
                <PrintName>Business Partner </PrintName>
                <PO_Description/>
                <PO_Help/>
                <PO_Name/>
                <PO_PrintName/>
                <EntityType>D</EntityType>
                <AD_Element_UU>5f73bc9f-04e0-448f-978d-f2d3e18f2ac3</AD_Element_UU>
                <Placeholder/>
                <AD_Element_Trl type="translation">
                    <Description>Identifica un Tercero</Description>
                    <Help>Un tercero es cualquiera con quien usted realiza transacciones. Este puede incluir Proveedores, Clientes, Empleados o Vendedores.</Help>
                    <Name>Tercero</Name>
                    <Placeholder/>
                    <PO_Description/>
                    <PO_Help/>
                    <PO_Name/>
                    <PO_PrintName/>
                    <PrintName>Tercero</PrintName>
                    <AD_Language>es_CO</AD_Language>
                    <IsActive>Y</IsActive>
                    <IsTranslated>Y</IsTranslated>
                </AD_Element_Trl>
            </AD_Element>
            <AD_Process_Para type="table">
                <AD_Client_ID>0</AD_Client_ID>
                <AD_Org_ID>0</AD_Org_ID>
                <AD_Org_ID reference="id">0</AD_Org_ID>
                <IsActive>Y</IsActive>
                <Name>Business Partner </Name>
                <Description>Identifies a Business Partner</Description>
                <Help>A Business Partner is anyone with whom you transact.  This can include Vendor, Customer, Employee or Salesperson</Help>
                <AD_Process_ID reference="uuid" reference-key="AD_Process">d10db7e3-e318-45f0-80c1-8a5af9a8abcf</AD_Process_ID>
                <SeqNo>70</SeqNo>
                <AD_Reference_ID reference="id">30</AD_Reference_ID>
                <AD_Reference_Value_ID reference="id"/>
                <IsRange>N</IsRange>
                <AD_Val_Rule_ID reference="id"/>
                <FieldLength>0</FieldLength>
                <IsMandatory>N</IsMandatory>
                <DefaultValue/>
                <VFormat/>
                <ValueMin/>
                <ValueMax/>
                <ColumnName>C_BPartner_ID</ColumnName>
                <DefaultValue2/>
                <IsCentrallyMaintained>Y</IsCentrallyMaintained>
                <EntityType>ITS</EntityType>
                <AD_Element_ID reference="id">187</AD_Element_ID>
                <ReadOnlyLogic/>
                <DisplayLogic/>
                <AD_Process_Para_UU>6ebb120e-9a9b-48e6-8ad5-91acdacfb55a</AD_Process_Para_UU>
                <IsEncrypted>N</IsEncrypted>
                <MandatoryLogic/>
                <Placeholder/>
                <Placeholder2/>
                <IsAutocomplete>N</IsAutocomplete>
                <AD_Process_Para_Trl type="translation">
                    <Description>Identifica un Tercero</Description>
                    <Help>Un tercero es cualquiera con quien usted realiza transacciones. Este puede incluir Proveedores, Clientes, Empleados o Vendedores.</Help>
                    <Name>Tercero</Name>
                    <Placeholder/>
                    <Placeholder2/>
                    <AD_Language>es_CO</AD_Language>
                    <IsActive>Y</IsActive>
                    <IsTranslated>Y</IsTranslated>
                </AD_Process_Para_Trl>
            </AD_Process_Para>
            <AD_Element type="table">
                <AD_Element_ID>1008</AD_Element_ID>
                <AD_Client_ID>0</AD_Client_ID>
                <AD_Org_ID>0</AD_Org_ID>
                <AD_Element_ID>1008</AD_Element_ID>
                <AD_Org_ID reference="id">0</AD_Org_ID>
                <IsActive>Y</IsActive>
                <ColumnName>C_Invoice_ID</ColumnName>
                <Name>Invoice</Name>
                <Description>Invoice Identifier</Description>
                <Help>The Invoice Document.</Help>
                <PrintName>Invoice</PrintName>
                <PO_Description/>
                <PO_Help/>
                <PO_Name/>
                <PO_PrintName/>
                <EntityType>D</EntityType>
                <AD_Element_UU>9985676e-f65a-484e-ad9a-91a1e3447843</AD_Element_UU>
                <Placeholder/>
                <AD_Element_Trl type="translation">
                    <Description>Identificador de la factura</Description>
                    <Help>La ID de Factura identifica únicamente un documento de Factura.</Help>
                    <Name>Factura</Name>
                    <Placeholder/>
                    <PO_Description/>
                    <PO_Help/>
                    <PO_Name/>
                    <PO_PrintName/>
                    <PrintName>Factura</PrintName>
                    <AD_Language>es_CO</AD_Language>
                    <IsActive>Y</IsActive>
                    <IsTranslated>Y</IsTranslated>
                </AD_Element_Trl>
            </AD_Element>
            <AD_Process_Para type="table">
                <AD_Client_ID>0</AD_Client_ID>
                <AD_Org_ID>0</AD_Org_ID>
                <AD_Org_ID reference="id">0</AD_Org_ID>
                <IsActive>Y</IsActive>
                <Name>Invoice</Name>
                <Description>Invoice Identifier</Description>
                <Help>The Invoice Document.</Help>
                <AD_Process_ID reference="uuid" reference-key="AD_Process">d10db7e3-e318-45f0-80c1-8a5af9a8abcf</AD_Process_ID>
                <SeqNo>80</SeqNo>
                <AD_Reference_ID reference="id">30</AD_Reference_ID>
                <AD_Reference_Value_ID reference="id"/>
                <IsRange>N</IsRange>
                <AD_Val_Rule_ID reference="id"/>
                <FieldLength>0</FieldLength>
                <IsMandatory>N</IsMandatory>
                <DefaultValue/>
                <VFormat/>
                <ValueMin/>
                <ValueMax/>
                <ColumnName>C_Invoice_ID</ColumnName>
                <DefaultValue2/>
                <IsCentrallyMaintained>Y</IsCentrallyMaintained>
                <EntityType>ITS</EntityType>
                <AD_Element_ID reference="id">1008</AD_Element_ID>
                <ReadOnlyLogic/>
                <DisplayLogic/>
                <AD_Process_Para_UU>1fc18460-b91e-499e-87fc-fc090b13ef7e</AD_Process_Para_UU>
                <IsEncrypted>N</IsEncrypted>
                <MandatoryLogic/>
                <Placeholder/>
                <Placeholder2/>
                <IsAutocomplete>N</IsAutocomplete>
                <AD_Process_Para_Trl type="translation">
                    <Description>Identificador de la factura</Description>
                    <Help>La ID de Factura identifica únicamente un documento de Factura.</Help>
                    <Name>Factura</Name>
                    <Placeholder/>
                    <Placeholder2/>
                    <AD_Language>es_CO</AD_Language>
                    <IsActive>Y</IsActive>
                    <IsTranslated>Y</IsTranslated>
                </AD_Process_Para_Trl>
            </AD_Process_Para>
            <AD_Reference type="table">
                <AD_Reference_ID>17</AD_Reference_ID>
                <AD_Client_ID>0</AD_Client_ID>
                <AD_Org_ID>0</AD_Org_ID>
                <AD_Reference_ID>17</AD_Reference_ID>
                <Name>List</Name>
                <Description>Reference List</Description>
                <Help/>
                <ValidationType>D</ValidationType>
                <AD_Org_ID reference="id">0</AD_Org_ID>
                <IsActive>Y</IsActive>
                <VFormat/>
                <EntityType>D</EntityType>
                <IsOrderByValue>N</IsOrderByValue>
                <AD_Reference_UU>70bc89e7-5848-4ff5-a1f0-e1b1aed3796f</AD_Reference_UU>
                <AD_Element_ID reference="id"/>
                <AD_Reference_Trl type="translation">
                    <Description>Lista de Referencia</Description>
                    <Help/>
                    <Name>Lista</Name>
                    <AD_Language>es_CO</AD_Language>
                    <IsActive>Y</IsActive>
                    <IsTranslated>Y</IsTranslated>
                </AD_Reference_Trl>
            </AD_Reference>
            <AD_Reference type="table">
                <AD_Reference_ID>135</AD_Reference_ID>
                <AD_Client_ID>0</AD_Client_ID>
                <AD_Org_ID>0</AD_Org_ID>
                <AD_Reference_ID>135</AD_Reference_ID>
                <Name>_Document Action</Name>
                <Description>Document action list</Description>
                <Help/>
                <ValidationType>L</ValidationType>
                <AD_Org_ID reference="id">0</AD_Org_ID>
                <IsActive>Y</IsActive>
                <VFormat>LL</VFormat>
                <EntityType>D</EntityType>
                <IsOrderByValue>N</IsOrderByValue>
                <AD_Reference_UU>79951e35-0d36-459f-b165-8108d297946b</AD_Reference_UU>
                <AD_Element_ID reference="id"/>
                <AD_Reference_Trl type="translation">
                    <Description>Lista de acción en Documentos</Description>
                    <Help/>
                    <Name>_Document Action</Name>
                    <AD_Language>es_CO</AD_Language>
                    <IsActive>Y</IsActive>
                    <IsTranslated>Y</IsTranslated>
                </AD_Reference_Trl>
                <AD_Ref_List type="table">
                    <AD_Ref_List_ID>179</AD_Ref_List_ID>
                    <AD_Client_ID>0</AD_Client_ID>
                    <AD_Org_ID>0</AD_Org_ID>
                    <AD_Ref_List_ID>179</AD_Ref_List_ID>
                    <Name>Approve</Name>
                    <Description>Approve this transaction</Description>
                    <AD_Reference_ID reference="id">135</AD_Reference_ID>
                    <ValidFrom/>
                    <ValidTo/>
                    <Value>AP</Value>
                    <AD_Org_ID reference="id">0</AD_Org_ID>
                    <IsActive>Y</IsActive>
                    <EntityType>D</EntityType>
                    <AD_Ref_List_UU>f80665a4-0db1-4609-be56-5d69b762d169</AD_Ref_List_UU>
                    <AD_Ref_List_Trl type="translation">
                        <Description>Aprueba esta transacción</Description>
                        <Name>Aprobar</Name>
                        <AD_Language>es_CO</AD_Language>
                        <IsActive>Y</IsActive>
                        <IsTranslated>Y</IsTranslated>
                    </AD_Ref_List_Trl>
                </AD_Ref_List>
                <AD_Ref_List type="table">
                    <AD_Ref_List_ID>180</AD_Ref_List_ID>
                    <AD_Client_ID>0</AD_Client_ID>
                    <AD_Org_ID>0</AD_Org_ID>
                    <AD_Ref_List_ID>180</AD_Ref_List_ID>
                    <Name>Reject</Name>
                    <Description>Reject the approval of the document. </Description>
                    <AD_Reference_ID reference="id">135</AD_Reference_ID>
                    <ValidFrom/>
                    <ValidTo/>
                    <Value>RJ</Value>
                    <AD_Org_ID reference="id">0</AD_Org_ID>
                    <IsActive>Y</IsActive>
                    <EntityType>D</EntityType>
                    <AD_Ref_List_UU>8fffbfd1-560a-4a78-9181-e5b76bbb3354</AD_Ref_List_UU>
                    <AD_Ref_List_Trl type="translation">
                        <Description>Rechaza la aprobación del documento</Description>
                        <Name>Rechazar</Name>
                        <AD_Language>es_CO</AD_Language>
                        <IsActive>Y</IsActive>
                        <IsTranslated>Y</IsTranslated>
                    </AD_Ref_List_Trl>
                </AD_Ref_List>
                <AD_Ref_List type="table">
                    <AD_Ref_List_ID>181</AD_Ref_List_ID>
                    <AD_Client_ID>0</AD_Client_ID>
                    <AD_Org_ID>0</AD_Org_ID>
                    <AD_Ref_List_ID>181</AD_Ref_List_ID>
                    <Name>Post</Name>
                    <Description>Post transaction</Description>
                    <AD_Reference_ID reference="id">135</AD_Reference_ID>
                    <ValidFrom/>
                    <ValidTo/>
                    <Value>PO</Value>
                    <AD_Org_ID reference="id">0</AD_Org_ID>
                    <IsActive>Y</IsActive>
                    <EntityType>D</EntityType>
                    <AD_Ref_List_UU>0fe1c0e9-2ca1-48f2-837b-a4ff16c629d9</AD_Ref_List_UU>
                    <AD_Ref_List_Trl type="translation">
                        <Description>Aplica la transacción</Description>
                        <Name>Aplicar</Name>
                        <AD_Language>es_CO</AD_Language>
                        <IsActive>Y</IsActive>
                        <IsTranslated>Y</IsTranslated>
                    </AD_Ref_List_Trl>
                </AD_Ref_List>
                <AD_Ref_List type="table">
                    <AD_Ref_List_ID>183</AD_Ref_List_ID>
                    <AD_Client_ID>0</AD_Client_ID>
                    <AD_Org_ID>0</AD_Org_ID>
                    <AD_Ref_List_ID>183</AD_Ref_List_ID>
                    <Name>Close</Name>
                    <Description>Finally close this transaction. It cannot be re-activated.</Description>
                    <AD_Reference_ID reference="id">135</AD_Reference_ID>
                    <ValidFrom/>
                    <ValidTo/>
                    <Value>CL</Value>
                    <AD_Org_ID reference="id">0</AD_Org_ID>
                    <IsActive>Y</IsActive>
                    <EntityType>D</EntityType>
                    <AD_Ref_List_UU>d0a6de04-9c59-4d37-998d-f8070db820b0</AD_Ref_List_UU>
                    <AD_Ref_List_Trl type="translation">
                        <Description>Cierre final de esta transacción. No podrá ser reactivada</Description>
                        <Name>Cerrar</Name>
                        <AD_Language>es_CO</AD_Language>
                        <IsActive>Y</IsActive>
                        <IsTranslated>Y</IsTranslated>
                    </AD_Ref_List_Trl>
                </AD_Ref_List>
                <AD_Ref_List type="table">
                    <AD_Ref_List_ID>184</AD_Ref_List_ID>
                    <AD_Client_ID>0</AD_Client_ID>
                    <AD_Org_ID>0</AD_Org_ID>
                    <AD_Ref_List_ID>184</AD_Ref_List_ID>
                    <Name>Reverse - Correct</Name>
                    <Description>Reverse Transaction (correction) by reversing sign with same date</Description>
                    <AD_Reference_ID reference="id">135</AD_Reference_ID>
                    <ValidFrom/>
                    <ValidTo/>
                    <Value>RC</Value>
                    <AD_Org_ID reference="id">0</AD_Org_ID>
                    <IsActive>Y</IsActive>
                    <EntityType>D</EntityType>
                    <AD_Ref_List_UU>597e3e98-f1cd-4157-885a-1fae6424a3a6</AD_Ref_List_UU>
                    <AD_Ref_List_Trl type="translation">
                        <Description>Transacción Inversa (corrección) invirtiendo el signo con la misma fecha</Description>
                        <Name>Reversar - Corregir</Name>
                        <AD_Language>es_CO</AD_Language>
                        <IsActive>Y</IsActive>
                        <IsTranslated>Y</IsTranslated>
                    </AD_Ref_List_Trl>
                </AD_Ref_List>
                <AD_Ref_List type="table">
                    <AD_Ref_List_ID>185</AD_Ref_List_ID>
                    <AD_Client_ID>0</AD_Client_ID>
                    <AD_Org_ID>0</AD_Org_ID>
                    <AD_Ref_List_ID>185</AD_Ref_List_ID>
                    <Name>Reverse - Accrual</Name>
                    <Description>Reverse by switching Dr/Cr with current date</Description>
                    <AD_Reference_ID reference="id">135</AD_Reference_ID>
                    <ValidFrom/>
                    <ValidTo/>
                    <Value>RA</Value>
                    <AD_Org_ID reference="id">0</AD_Org_ID>
                    <IsActive>Y</IsActive>
                    <EntityType>D</EntityType>
                    <AD_Ref_List_UU>1a3904b9-86bc-4831-a4af-0281dcafa8f8</AD_Ref_List_UU>
                    <AD_Ref_List_Trl type="translation">
                        <Description>Restaurar a través de intercambiar Débitos y Créditos con la fecha actual</Description>
                        <Name>Reversar - Causación</Name>
                        <AD_Language>es_CO</AD_Language>
                        <IsActive>Y</IsActive>
                        <IsTranslated>Y</IsTranslated>
                    </AD_Ref_List_Trl>
                </AD_Ref_List>
                <AD_Ref_List type="table">
                    <AD_Ref_List_ID>187</AD_Ref_List_ID>
                    <AD_Client_ID>0</AD_Client_ID>
                    <AD_Org_ID>0</AD_Org_ID>
                    <AD_Ref_List_ID>187</AD_Ref_List_ID>
                    <Name>Invalidate</Name>
                    <Description>Invalidate Document</Description>
                    <AD_Reference_ID reference="id">135</AD_Reference_ID>
                    <ValidFrom/>
                    <ValidTo/>
                    <Value>IN</Value>
                    <AD_Org_ID reference="id">0</AD_Org_ID>
                    <IsActive>Y</IsActive>
                    <EntityType>D</EntityType>
                    <AD_Ref_List_UU>69ff146b-fe0e-44a0-98d1-80b2f7958edf</AD_Ref_List_UU>
                    <AD_Ref_List_Trl type="translation">
                        <Description/>
                        <Name>Invalidar</Name>
                        <AD_Language>es_CO</AD_Language>
                        <IsActive>Y</IsActive>
                        <IsTranslated>Y</IsTranslated>
                    </AD_Ref_List_Trl>
                </AD_Ref_List>
                <AD_Ref_List type="table">
                    <AD_Ref_List_ID>189</AD_Ref_List_ID>
                    <AD_Client_ID>0</AD_Client_ID>
                    <AD_Org_ID>0</AD_Org_ID>
                    <AD_Ref_List_ID>189</AD_Ref_List_ID>
                    <Name>&lt;None&gt;</Name>
                    <Description>No action</Description>
                    <AD_Reference_ID reference="id">135</AD_Reference_ID>
                    <ValidFrom/>
                    <ValidTo/>
                    <Value>--</Value>
                    <AD_Org_ID reference="id">0</AD_Org_ID>
                    <IsActive>Y</IsActive>
                    <EntityType>D</EntityType>
                    <AD_Ref_List_UU>ea523fb8-e21b-4a77-a657-6f5a7d12a591</AD_Ref_List_UU>
                    <AD_Ref_List_Trl type="translation">
                        <Description>Sin acción</Description>
                        <Name>&lt;Ninguno&gt;</Name>
                        <AD_Language>es_CO</AD_Language>
                        <IsActive>Y</IsActive>
                        <IsTranslated>Y</IsTranslated>
                    </AD_Ref_List_Trl>
                </AD_Ref_List>
                <AD_Ref_List type="table">
                    <AD_Ref_List_ID>178</AD_Ref_List_ID>
                    <AD_Client_ID>0</AD_Client_ID>
                    <AD_Org_ID>0</AD_Org_ID>
                    <AD_Ref_List_ID>178</AD_Ref_List_ID>
                    <Name>Complete</Name>
                    <Description>Generate documents and complete transaction</Description>
                    <AD_Reference_ID reference="id">135</AD_Reference_ID>
                    <ValidFrom/>
                    <ValidTo/>
                    <Value>CO</Value>
                    <AD_Org_ID reference="id">0</AD_Org_ID>
                    <IsActive>Y</IsActive>
                    <EntityType>D</EntityType>
                    <AD_Ref_List_UU>74a9fe55-28e4-4d3b-98aa-02ad6d1a12da</AD_Ref_List_UU>
                    <AD_Ref_List_Trl type="translation">
                        <Description>Genera los documentos y completa la transacción</Description>
                        <Name>Completar</Name>
                        <AD_Language>es_CO</AD_Language>
                        <IsActive>Y</IsActive>
                        <IsTranslated>Y</IsTranslated>
                    </AD_Ref_List_Trl>
                </AD_Ref_List>
                <AD_Ref_List type="table">
                    <AD_Ref_List_ID>182</AD_Ref_List_ID>
                    <AD_Client_ID>0</AD_Client_ID>
                    <AD_Org_ID>0</AD_Org_ID>
                    <AD_Ref_List_ID>182</AD_Ref_List_ID>
                    <Name>Void</Name>
                    <Description>Set all quantities to zero and complete transaction</Description>
                    <AD_Reference_ID reference="id">135</AD_Reference_ID>
                    <ValidFrom/>
                    <ValidTo/>
                    <Value>VO</Value>
                    <AD_Org_ID reference="id">0</AD_Org_ID>
                    <IsActive>Y</IsActive>
                    <EntityType>D</EntityType>
                    <AD_Ref_List_UU>930f9be7-85bc-4002-83a6-fe4e1b8cfce3</AD_Ref_List_UU>
                    <AD_Ref_List_Trl type="translation">
                        <Description>Pone a cero las cantidades y completa la transacción</Description>
                        <Name>Anular</Name>
                        <AD_Language>es_CO</AD_Language>
                        <IsActive>Y</IsActive>
                        <IsTranslated>Y</IsTranslated>
                    </AD_Ref_List_Trl>
                </AD_Ref_List>
                <AD_Ref_List type="table">
                    <AD_Ref_List_ID>347</AD_Ref_List_ID>
                    <AD_Client_ID>0</AD_Client_ID>
                    <AD_Org_ID>0</AD_Org_ID>
                    <AD_Ref_List_ID>347</AD_Ref_List_ID>
                    <Name>Unlock</Name>
                    <Description>Unlock Transaction (process error)</Description>
                    <AD_Reference_ID reference="id">135</AD_Reference_ID>
                    <ValidFrom/>
                    <ValidTo/>
                    <Value>XL</Value>
                    <AD_Org_ID reference="id">0</AD_Org_ID>
                    <IsActive>Y</IsActive>
                    <EntityType>D</EntityType>
                    <AD_Ref_List_UU>b2d93bde-a7e7-43f0-9b1c-82527992f6d5</AD_Ref_List_UU>
                    <AD_Ref_List_Trl type="translation">
                        <Description>Desbloquea la transacción (error de proceso)</Description>
                        <Name>Desbloquear</Name>
                        <AD_Language>es_CO</AD_Language>
                        <IsActive>Y</IsActive>
                        <IsTranslated>Y</IsTranslated>
                    </AD_Ref_List_Trl>
                </AD_Ref_List>
                <AD_Ref_List type="table">
                    <AD_Ref_List_ID>345</AD_Ref_List_ID>
                    <AD_Client_ID>0</AD_Client_ID>
                    <AD_Org_ID>0</AD_Org_ID>
                    <AD_Ref_List_ID>345</AD_Ref_List_ID>
                    <Name>Prepare</Name>
                    <Description>Check Document consistency and check Inventory</Description>
                    <AD_Reference_ID reference="id">135</AD_Reference_ID>
                    <ValidFrom/>
                    <ValidTo/>
                    <Value>PR</Value>
                    <AD_Org_ID reference="id">0</AD_Org_ID>
                    <IsActive>Y</IsActive>
                    <EntityType>D</EntityType>
                    <AD_Ref_List_UU>b6f04b4b-6034-4490-83ed-d0f4f9cb5f76</AD_Ref_List_UU>
                    <AD_Ref_List_Trl type="translation">
                        <Description>Chequear consistencia del documento y chequear inventarios</Description>
                        <Name>Preparar</Name>
                        <AD_Language>es_CO</AD_Language>
                        <IsActive>Y</IsActive>
                        <IsTranslated>Y</IsTranslated>
                    </AD_Ref_List_Trl>
                </AD_Ref_List>
                <AD_Ref_List type="table">
                    <AD_Ref_List_ID>188</AD_Ref_List_ID>
                    <AD_Client_ID>0</AD_Client_ID>
                    <AD_Org_ID>0</AD_Org_ID>
                    <AD_Ref_List_ID>188</AD_Ref_List_ID>
                    <Name>Re-activate</Name>
                    <Description>Reopen Document and Reverse automatically generated documents; You need to Complete the transaction after the change. </Description>
                    <AD_Reference_ID reference="id">135</AD_Reference_ID>
                    <ValidFrom/>
                    <ValidTo/>
                    <Value>RE</Value>
                    <AD_Org_ID reference="id">0</AD_Org_ID>
                    <IsActive>Y</IsActive>
                    <EntityType>D</EntityType>
                    <AD_Ref_List_UU>c8f55635-67a3-42ae-b626-2064acb2e260</AD_Ref_List_UU>
                    <AD_Ref_List_Trl type="translation">
                        <Description>Reabrir el documento y reversar automáticamente los documentos generados, debe Completar la transacción después del cambio</Description>
                        <Name>Reactivar</Name>
                        <AD_Language>es_CO</AD_Language>
                        <IsActive>Y</IsActive>
                        <IsTranslated>Y</IsTranslated>
                    </AD_Ref_List_Trl>
                </AD_Ref_List>
                <AD_Ref_List type="table">
                    <AD_Ref_List_ID>691</AD_Ref_List_ID>
                    <AD_Client_ID>0</AD_Client_ID>
                    <AD_Org_ID>0</AD_Org_ID>
                    <AD_Ref_List_ID>691</AD_Ref_List_ID>
                    <Name>Wait Complete</Name>
                    <Description>Wait Condition ok Complete Document</Description>
                    <AD_Reference_ID reference="id">135</AD_Reference_ID>
                    <ValidFrom/>
                    <ValidTo/>
                    <Value>WC</Value>
                    <AD_Org_ID reference="id">0</AD_Org_ID>
                    <IsActive>Y</IsActive>
                    <EntityType>D</EntityType>
                    <AD_Ref_List_UU>2143c53d-f6a6-4da6-8fe6-4ce4b6dacac0</AD_Ref_List_UU>
                    <AD_Ref_List_Trl type="translation">
                        <Description>Condición de espera ok Completa Documento</Description>
                        <Name>Espera Condición de Completar</Name>
                        <AD_Language>es_CO</AD_Language>
                        <IsActive>Y</IsActive>
                        <IsTranslated>Y</IsTranslated>
                    </AD_Ref_List_Trl>
                </AD_Ref_List>
            </AD_Reference>
            <AD_Val_Rule type="table">
                <AD_Client_ID>0</AD_Client_ID>
                <AD_Org_ID>0</AD_Org_ID>
                <Name>List - DocAction - Complete or Drafter</Name>
                <Description/>
                <Type>S</Type>
                <Code>AD_Ref_List.Value IN ('CO','DR')</Code>
                <AD_Org_ID reference="id">0</AD_Org_ID>
                <IsActive>Y</IsActive>
                <EntityType>ITS</EntityType>
                <AD_Val_Rule_UU>fa0e1678-04d3-4b09-afca-db16f487f775</AD_Val_Rule_UU>
            </AD_Val_Rule>
            <AD_Element type="table">
                <AD_Element_ID>287</AD_Element_ID>
                <AD_Client_ID>0</AD_Client_ID>
                <AD_Org_ID>0</AD_Org_ID>
                <AD_Element_ID>287</AD_Element_ID>
                <AD_Org_ID reference="id">0</AD_Org_ID>
                <IsActive>Y</IsActive>
                <ColumnName>DocAction</ColumnName>
                <Name>Document Action</Name>
                <Description>The targeted status of the document</Description>
                <Help>You find the current status in the Document Status field. The options are listed in a popup</Help>
                <PrintName>Doc Action</PrintName>
                <PO_Description/>
                <PO_Help/>
                <PO_Name/>
                <PO_PrintName/>
                <EntityType>D</EntityType>
                <AD_Element_UU>3d664988-a11d-4276-8a35-4da87b6c1220</AD_Element_UU>
                <Placeholder/>
                <AD_Element_Trl type="translation">
                    <Description>El estado destino del documento</Description>
                    <Help>Usted encuentra el estado actual en el campo Estado del Documento. Las opciones son listadas en una ventana emergente</Help>
                    <Name>Acción</Name>
                    <Placeholder/>
                    <PO_Description/>
                    <PO_Help/>
                    <PO_Name/>
                    <PO_PrintName/>
                    <PrintName>Acción</PrintName>
                    <AD_Language>es_CO</AD_Language>
                    <IsActive>Y</IsActive>
                    <IsTranslated>Y</IsTranslated>
                </AD_Element_Trl>
            </AD_Element>
            <AD_Process_Para type="table">
                <AD_Client_ID>0</AD_Client_ID>
                <AD_Org_ID>0</AD_Org_ID>
                <AD_Org_ID reference="id">0</AD_Org_ID>
                <IsActive>Y</IsActive>
                <Name>Document Action</Name>
                <Description>The targeted status of the document</Description>
                <Help>You find the current status in the Document Status field. The options are listed in a popup</Help>
                <AD_Process_ID reference="uuid" reference-key="AD_Process">d10db7e3-e318-45f0-80c1-8a5af9a8abcf</AD_Process_ID>
                <SeqNo>90</SeqNo>
                <AD_Reference_ID reference="id">17</AD_Reference_ID>
                <AD_Reference_Value_ID reference="id">135</AD_Reference_Value_ID>
                <IsRange>N</IsRange>
                <AD_Val_Rule_ID reference="uuid" reference-key="AD_Val_Rule">fa0e1678-04d3-4b09-afca-db16f487f775</AD_Val_Rule_ID>
                <FieldLength>1</FieldLength>
                <IsMandatory>Y</IsMandatory>
                <DefaultValue>CO</DefaultValue>
                <VFormat/>
                <ValueMin/>
                <ValueMax/>
                <ColumnName>DocAction</ColumnName>
                <DefaultValue2/>
                <IsCentrallyMaintained>Y</IsCentrallyMaintained>
                <EntityType>ITS</EntityType>
                <AD_Element_ID reference="id">287</AD_Element_ID>
                <ReadOnlyLogic>1=1</ReadOnlyLogic>
                <DisplayLogic/>
                <AD_Process_Para_UU>413981bc-9bc5-4997-9dba-eea2b1dbf895</AD_Process_Para_UU>
                <IsEncrypted>N</IsEncrypted>
                <MandatoryLogic/>
                <Placeholder/>
                <Placeholder2/>
                <IsAutocomplete>N</IsAutocomplete>
                <AD_Process_Para_Trl type="translation">
                    <Description>El estado destino del documento</Description>
                    <Help>Usted encuentra el estado actual en el campo Estado del Documento. Las opciones son listadas en una ventana emergente</Help>
                    <Name>Acción</Name>
                    <Placeholder/>
                    <Placeholder2/>
                    <AD_Language>es_CO</AD_Language>
                    <IsActive>Y</IsActive>
                    <IsTranslated>Y</IsTranslated>
                </AD_Process_Para_Trl>
            </AD_Process_Para>
            <AD_Reference type="table">
                <AD_Reference_ID>22</AD_Reference_ID>
                <AD_Client_ID>0</AD_Client_ID>
                <AD_Org_ID>0</AD_Org_ID>
                <AD_Reference_ID>22</AD_Reference_ID>
                <Name>Number</Name>
                <Description>Float Number</Description>
                <Help/>
                <ValidationType>D</ValidationType>
                <AD_Org_ID reference="id">0</AD_Org_ID>
                <IsActive>Y</IsActive>
                <VFormat/>
                <EntityType>D</EntityType>
                <IsOrderByValue>N</IsOrderByValue>
                <AD_Reference_UU>2ad0cb02-a3a6-4f10-9036-680a142806d6</AD_Reference_UU>
                <AD_Element_ID reference="id"/>
                <AD_Reference_Trl type="translation">
                    <Description>Número Flotante</Description>
                    <Help/>
                    <Name>Número</Name>
                    <AD_Language>es_CO</AD_Language>
                    <IsActive>Y</IsActive>
                    <IsTranslated>Y</IsTranslated>
                </AD_Reference_Trl>
            </AD_Reference>
            <AD_Element type="table">
                <AD_Client_ID>0</AD_Client_ID>
                <AD_Org_ID>0</AD_Org_ID>
                <AD_Org_ID reference="id">0</AD_Org_ID>
                <IsActive>Y</IsActive>
                <ColumnName>DaysBack</ColumnName>
                <Name>Days Back</Name>
                <Description/>
                <Help/>
                <PrintName>Days Back</PrintName>
                <PO_Description/>
                <PO_Help/>
                <PO_Name/>
                <PO_PrintName/>
                <EntityType>ITS</EntityType>
                <AD_Element_UU>50634491-2aed-4bdc-851f-ef02f9f13f9a</AD_Element_UU>
                <Placeholder/>
                <AD_Element_Trl type="translation">
                    <Description/>
                    <Help/>
                    <Name>Días Hacia Atrás</Name>
                    <Placeholder/>
                    <PO_Description/>
                    <PO_Help/>
                    <PO_Name/>
                    <PO_PrintName/>
                    <PrintName>Días Hacia Atrás</PrintName>
                    <AD_Language>es_CO</AD_Language>
                    <IsActive>Y</IsActive>
                    <IsTranslated>N</IsTranslated>
                </AD_Element_Trl>
            </AD_Element>
            <AD_Process_Para type="table">
                <AD_Client_ID>0</AD_Client_ID>
                <AD_Org_ID>0</AD_Org_ID>
                <AD_Org_ID reference="id">0</AD_Org_ID>
                <IsActive>Y</IsActive>
                <Name>Days Back</Name>
                <Description/>
                <Help/>
                <AD_Process_ID reference="uuid" reference-key="AD_Process">d10db7e3-e318-45f0-80c1-8a5af9a8abcf</AD_Process_ID>
                <SeqNo>100</SeqNo>
                <AD_Reference_ID reference="id">22</AD_Reference_ID>
                <AD_Reference_Value_ID reference="id"/>
                <IsRange>N</IsRange>
                <AD_Val_Rule_ID reference="id"/>
                <FieldLength>0</FieldLength>
                <IsMandatory>N</IsMandatory>
                <DefaultValue/>
                <VFormat/>
                <ValueMin/>
                <ValueMax/>
                <ColumnName>DaysBack</ColumnName>
                <DefaultValue2/>
                <IsCentrallyMaintained>Y</IsCentrallyMaintained>
                <EntityType>ITS</EntityType>
                <AD_Element_ID reference="uuid" reference-key="AD_Element">50634491-2aed-4bdc-851f-ef02f9f13f9a</AD_Element_ID>
                <ReadOnlyLogic/>
                <DisplayLogic/>
                <AD_Process_Para_UU>97653a02-6063-44eb-a25b-de4d1cf8b9a7</AD_Process_Para_UU>
                <IsEncrypted>N</IsEncrypted>
                <MandatoryLogic/>
                <Placeholder/>
                <Placeholder2/>
                <IsAutocomplete>N</IsAutocomplete>
                <AD_Process_Para_Trl type="translation">
                    <Description/>
                    <Help/>
                    <Name>Días Hacia Atrás</Name>
                    <Placeholder/>
                    <Placeholder2/>
                    <AD_Language>es_CO</AD_Language>
                    <IsActive>Y</IsActive>
                    <IsTranslated>N</IsTranslated>
                </AD_Process_Para_Trl>
            </AD_Process_Para>
        </AD_Process>
    </AD_Menu>
</idempiere>
