<?xml version="1.0" encoding="UTF-8"?><idempiere Name="GenerateXMLPrintFormat_Garden" Version="1.0.0" idempiereVersion="" DataBaseVersion="" Description="ITS Generate XML" Author="" AuthorEmail="" CreatedDate="2022-02-10 08:32:54.864" UpdatedDate="2022-02-10 08:32:54.864" PackOutVersion="100" UpdateDictionary="true" Client="11-GardenWorld-GardenWorld" AD_Client_UU="3268b9a8-10d8-466d-96e5-aa01166408fa">
    <AD_PrintPaper type="table">
        <AD_Org_ID>0</AD_Org_ID>
        <Description>1/2 inch margin on all sides</Description>
        <Name>Letter Landscape</Name>
        <IsActive>Y</IsActive>
        <Code>na-letter</Code>
        <AD_Org_ID reference="id">0</AD_Org_ID>
        <IsLandscape>Y</IsLandscape>
        <IsDefault>Y</IsDefault>
        <MarginTop>36</MarginTop>
        <MarginRight>36</MarginRight>
        <MarginLeft>36</MarginLeft>
        <MarginBottom>36</MarginBottom>
        <Processing>N</Processing>
        <SizeX/>
        <SizeY/>
        <DimensionUnits/>
        <AD_PrintPaper_UU>3cc269f9-2dc2-444f-91d1-1915e49b9c0c</AD_PrintPaper_UU>
    </AD_PrintPaper>
    <AD_PrintFormat type="table">
        <AD_Org_ID>0</AD_Org_ID>
        <IsTableBased>Y</IsTableBased>
        <IsActive>Y</IsActive>
        <IsStandardHeaderFooter>Y</IsStandardHeaderFooter>
        <AD_PrintFont_ID reference="id">105</AD_PrintFont_ID>
        <AD_Table_ID reference="uuid" reference-key="AD_Table">bd869f86-9607-4a30-8ea4-2825a77c1f37</AD_Table_ID>
        <IsForm>N</IsForm>
        <HeaderMargin>0</HeaderMargin>
        <AD_PrintColor_ID reference="id">100</AD_PrintColor_ID>
        <Name>Reporte de XML Generado</Name>
        <CreateCopy/>
        <FooterMargin>0</FooterMargin>
        <AD_PrintPaper_ID reference="uuid" reference-key="AD_PrintPaper">3cc269f9-2dc2-444f-91d1-1915e49b9c0c</AD_PrintPaper_ID>
        <AD_Org_ID reference="id">0</AD_Org_ID>
        <Description/>
        <AD_ReportView_ID reference="uuid" reference-key="AD_ReportView">1945b957-c0e6-4e06-b5bb-98f0ebc0f393</AD_ReportView_ID>
        <AD_PrintTableFormat_ID reference="id"/>
        <PrinterName/>
        <IsDefault>N</IsDefault>
        <JasperProcess_ID reference="id"/>
        <Classname/>
        <Args/>
        <AD_PrintFormat_UU>8d275dca-4994-46e2-be08-dfee0af2f468</AD_PrintFormat_UU>
        <AD_Window_ID reference="id"/>
        <IsBreakPagePerRecord>Y</IsBreakPagePerRecord>
        <PrintFormatCopy/>
        <AD_PrintFormat_Trl type="translation">
            <Description/>
            <Name>Reporte de XML Generado</Name>
            <AD_Language>es_CO</AD_Language>
            <IsActive>Y</IsActive>
            <IsTranslated>Y</IsTranslated>
        </AD_PrintFormat_Trl>
        <AD_PrintFormatItem type="table">
            <AD_Org_ID>0</AD_Org_ID>
            <SeqNo>0</SeqNo>
            <Name>Active</Name>
            <IsNextLine>N</IsNextLine>
            <AD_PrintFormatChild_ID reference="id"/>
            <PrintName>Active</PrintName>
            <YSpace>0</YSpace>
            <SortNo>0</SortNo>
            <AD_Column_ID reference="uuid" reference-key="AD_Column">42b4654e-2480-454e-a2b4-3440dfecad80</AD_Column_ID>
            <IsPageBreak>N</IsPageBreak>
            <IsRelativePosition>Y</IsRelativePosition>
            <MaxWidth>0</MaxWidth>
            <IsSummarized>N</IsSummarized>
            <YPosition>0</YPosition>
            <AD_PrintColor_ID reference="id"/>
            <AD_PrintFormat_ID reference="uuid" reference-key="AD_PrintFormat">8d275dca-4994-46e2-be08-dfee0af2f468</AD_PrintFormat_ID>
            <AD_Org_ID reference="id">0</AD_Org_ID>
            <XSpace>0</XSpace>
            <AD_PrintFont_ID reference="id"/>
            <IsActive>Y</IsActive>
            <IsHeightOneLine>N</IsHeightOneLine>
            <MaxHeight>0</MaxHeight>
            <XPosition>0</XPosition>
            <FieldAlignmentType>L</FieldAlignmentType>
            <IsPrinted>N</IsPrinted>
            <IsOrderBy>N</IsOrderBy>
            <IsGroupBy>N</IsGroupBy>
            <LineAlignmentType>X</LineAlignmentType>
            <PrintFormatType>F</PrintFormatType>
            <PrintAreaType>C</PrintAreaType>
            <ImageURL/>
            <ImageIsAttached>N</ImageIsAttached>
            <IsCounted>N</IsCounted>
            <IsAveraged>N</IsAveraged>
            <IsSuppressNull>N</IsSuppressNull>
            <IsSetNLPosition>N</IsSetNLPosition>
            <BelowColumn/>
            <AD_PrintGraph_ID reference="id"/>
            <IsNextPage>N</IsNextPage>
            <IsFixedWidth>N</IsFixedWidth>
            <PrintNameSuffix/>
            <IsMaxCalc>N</IsMaxCalc>
            <RunningTotalLines/>
            <IsRunningTotal>N</IsRunningTotal>
            <IsMinCalc>N</IsMinCalc>
            <IsVarianceCalc>N</IsVarianceCalc>
            <IsDeviationCalc>N</IsDeviationCalc>
            <IsFilledRectangle>N</IsFilledRectangle>
            <LineWidth>1</LineWidth>
            <ArcDiameter>0</ArcDiameter>
            <ShapeType>N</ShapeType>
            <IsCentrallyMaintained>Y</IsCentrallyMaintained>
            <IsImageField>N</IsImageField>
            <BarcodeType/>
            <FormatPattern/>
            <IsSuppressRepeats>N</IsSuppressRepeats>
            <AD_PrintFormatItem_UU>1051fec1-52e0-4384-819b-3c5ecbfd439e</AD_PrintFormatItem_UU>
            <IsDesc>N</IsDesc>
            <IsPrintBarcodeText>Y</IsPrintBarcodeText>
            <DisplayLogic/>
            <Script/>
            <AD_PrintFormatItem_Trl type="translation">
                <Name>Activo</Name>
                <PrintName>Activo</PrintName>
                <PrintNameSuffix/>
                <AD_Language>es_CO</AD_Language>
                <IsActive>Y</IsActive>
                <IsTranslated>Y</IsTranslated>
            </AD_PrintFormatItem_Trl>
        </AD_PrintFormatItem>
        <AD_PrintFormatItem type="table">
            <AD_Org_ID>0</AD_Org_ID>
            <SeqNo>0</SeqNo>
            <Name>Client</Name>
            <IsNextLine>N</IsNextLine>
            <AD_PrintFormatChild_ID reference="id"/>
            <PrintName>Client</PrintName>
            <YSpace>0</YSpace>
            <SortNo>0</SortNo>
            <AD_Column_ID reference="uuid" reference-key="AD_Column">ed0638d2-a1b0-4874-9442-ed14f3fe2ece</AD_Column_ID>
            <IsPageBreak>N</IsPageBreak>
            <IsRelativePosition>Y</IsRelativePosition>
            <MaxWidth>0</MaxWidth>
            <IsSummarized>N</IsSummarized>
            <YPosition>0</YPosition>
            <AD_PrintColor_ID reference="id"/>
            <AD_PrintFormat_ID reference="uuid" reference-key="AD_PrintFormat">8d275dca-4994-46e2-be08-dfee0af2f468</AD_PrintFormat_ID>
            <AD_Org_ID reference="id">0</AD_Org_ID>
            <XSpace>0</XSpace>
            <AD_PrintFont_ID reference="id"/>
            <IsActive>Y</IsActive>
            <IsHeightOneLine>N</IsHeightOneLine>
            <MaxHeight>0</MaxHeight>
            <XPosition>0</XPosition>
            <FieldAlignmentType>L</FieldAlignmentType>
            <IsPrinted>N</IsPrinted>
            <IsOrderBy>N</IsOrderBy>
            <IsGroupBy>N</IsGroupBy>
            <LineAlignmentType>X</LineAlignmentType>
            <PrintFormatType>F</PrintFormatType>
            <PrintAreaType>C</PrintAreaType>
            <ImageURL/>
            <ImageIsAttached>N</ImageIsAttached>
            <IsCounted>N</IsCounted>
            <IsAveraged>N</IsAveraged>
            <IsSuppressNull>N</IsSuppressNull>
            <IsSetNLPosition>N</IsSetNLPosition>
            <BelowColumn/>
            <AD_PrintGraph_ID reference="id"/>
            <IsNextPage>N</IsNextPage>
            <IsFixedWidth>N</IsFixedWidth>
            <PrintNameSuffix/>
            <IsMaxCalc>N</IsMaxCalc>
            <RunningTotalLines/>
            <IsRunningTotal>N</IsRunningTotal>
            <IsMinCalc>N</IsMinCalc>
            <IsVarianceCalc>N</IsVarianceCalc>
            <IsDeviationCalc>N</IsDeviationCalc>
            <IsFilledRectangle>N</IsFilledRectangle>
            <LineWidth>1</LineWidth>
            <ArcDiameter>0</ArcDiameter>
            <ShapeType>N</ShapeType>
            <IsCentrallyMaintained>Y</IsCentrallyMaintained>
            <IsImageField>N</IsImageField>
            <BarcodeType/>
            <FormatPattern/>
            <IsSuppressRepeats>N</IsSuppressRepeats>
            <AD_PrintFormatItem_UU>4ffa22cf-a08b-46b7-97a4-a8f2d30f3e43</AD_PrintFormatItem_UU>
            <IsDesc>N</IsDesc>
            <IsPrintBarcodeText>Y</IsPrintBarcodeText>
            <DisplayLogic/>
            <Script/>
            <AD_PrintFormatItem_Trl type="translation">
                <Name>Grupo Empresarial</Name>
                <PrintName>Grupo Empresarial</PrintName>
                <PrintNameSuffix/>
                <AD_Language>es_CO</AD_Language>
                <IsActive>Y</IsActive>
                <IsTranslated>Y</IsTranslated>
            </AD_PrintFormatItem_Trl>
        </AD_PrintFormatItem>
        <AD_PrintFormatItem type="table">
            <AD_Org_ID>0</AD_Org_ID>
            <SeqNo>10</SeqNo>
            <Name>Organization</Name>
            <IsNextLine>N</IsNextLine>
            <AD_PrintFormatChild_ID reference="id"/>
            <PrintName>Organization</PrintName>
            <YSpace>0</YSpace>
            <SortNo>0</SortNo>
            <AD_Column_ID reference="uuid" reference-key="AD_Column">58f3a334-f1fb-48ab-9894-b35de67c0409</AD_Column_ID>
            <IsPageBreak>N</IsPageBreak>
            <IsRelativePosition>Y</IsRelativePosition>
            <MaxWidth>0</MaxWidth>
            <IsSummarized>N</IsSummarized>
            <YPosition>0</YPosition>
            <AD_PrintColor_ID reference="id"/>
            <AD_PrintFormat_ID reference="uuid" reference-key="AD_PrintFormat">8d275dca-4994-46e2-be08-dfee0af2f468</AD_PrintFormat_ID>
            <AD_Org_ID reference="id">0</AD_Org_ID>
            <XSpace>0</XSpace>
            <AD_PrintFont_ID reference="id"/>
            <IsActive>Y</IsActive>
            <IsHeightOneLine>N</IsHeightOneLine>
            <MaxHeight>0</MaxHeight>
            <XPosition>0</XPosition>
            <FieldAlignmentType>L</FieldAlignmentType>
            <IsPrinted>N</IsPrinted>
            <IsOrderBy>N</IsOrderBy>
            <IsGroupBy>N</IsGroupBy>
            <LineAlignmentType>X</LineAlignmentType>
            <PrintFormatType>F</PrintFormatType>
            <PrintAreaType>C</PrintAreaType>
            <ImageURL/>
            <ImageIsAttached>N</ImageIsAttached>
            <IsCounted>N</IsCounted>
            <IsAveraged>N</IsAveraged>
            <IsSuppressNull>N</IsSuppressNull>
            <IsSetNLPosition>N</IsSetNLPosition>
            <BelowColumn/>
            <AD_PrintGraph_ID reference="id"/>
            <IsNextPage>N</IsNextPage>
            <IsFixedWidth>N</IsFixedWidth>
            <PrintNameSuffix/>
            <IsMaxCalc>N</IsMaxCalc>
            <RunningTotalLines/>
            <IsRunningTotal>N</IsRunningTotal>
            <IsMinCalc>N</IsMinCalc>
            <IsVarianceCalc>N</IsVarianceCalc>
            <IsDeviationCalc>N</IsDeviationCalc>
            <IsFilledRectangle>N</IsFilledRectangle>
            <LineWidth>1</LineWidth>
            <ArcDiameter>0</ArcDiameter>
            <ShapeType>N</ShapeType>
            <IsCentrallyMaintained>Y</IsCentrallyMaintained>
            <IsImageField>N</IsImageField>
            <BarcodeType/>
            <FormatPattern/>
            <IsSuppressRepeats>N</IsSuppressRepeats>
            <AD_PrintFormatItem_UU>4cadac48-8353-48b9-a524-e7af9aa56f48</AD_PrintFormatItem_UU>
            <IsDesc>N</IsDesc>
            <IsPrintBarcodeText>Y</IsPrintBarcodeText>
            <DisplayLogic/>
            <Script/>
            <AD_PrintFormatItem_Trl type="translation">
                <Name>Organización</Name>
                <PrintName>Organización</PrintName>
                <PrintNameSuffix/>
                <AD_Language>es_CO</AD_Language>
                <IsActive>Y</IsActive>
                <IsTranslated>Y</IsTranslated>
            </AD_PrintFormatItem_Trl>
        </AD_PrintFormatItem>
        <AD_PrintFormatItem type="table">
            <AD_Org_ID>0</AD_Org_ID>
            <SeqNo>10</SeqNo>
            <Name>org</Name>
            <IsNextLine>N</IsNextLine>
            <AD_PrintFormatChild_ID reference="id"/>
            <PrintName>Organización</PrintName>
            <YSpace>0</YSpace>
            <SortNo>0</SortNo>
            <AD_Column_ID reference="uuid" reference-key="AD_Column">a344a9a3-1c03-4a82-84ea-309ec428c81d</AD_Column_ID>
            <IsPageBreak>N</IsPageBreak>
            <IsRelativePosition>Y</IsRelativePosition>
            <MaxWidth>0</MaxWidth>
            <IsSummarized>N</IsSummarized>
            <YPosition>0</YPosition>
            <AD_PrintColor_ID reference="id"/>
            <AD_PrintFormat_ID reference="uuid" reference-key="AD_PrintFormat">8d275dca-4994-46e2-be08-dfee0af2f468</AD_PrintFormat_ID>
            <AD_Org_ID reference="id">0</AD_Org_ID>
            <XSpace>0</XSpace>
            <AD_PrintFont_ID reference="id"/>
            <IsActive>Y</IsActive>
            <IsHeightOneLine>N</IsHeightOneLine>
            <MaxHeight>0</MaxHeight>
            <XPosition>0</XPosition>
            <FieldAlignmentType>T</FieldAlignmentType>
            <IsPrinted>Y</IsPrinted>
            <IsOrderBy>N</IsOrderBy>
            <IsGroupBy>N</IsGroupBy>
            <LineAlignmentType>X</LineAlignmentType>
            <PrintFormatType>F</PrintFormatType>
            <PrintAreaType>C</PrintAreaType>
            <ImageURL/>
            <ImageIsAttached>N</ImageIsAttached>
            <IsCounted>N</IsCounted>
            <IsAveraged>N</IsAveraged>
            <IsSuppressNull>N</IsSuppressNull>
            <IsSetNLPosition>N</IsSetNLPosition>
            <BelowColumn/>
            <AD_PrintGraph_ID reference="id"/>
            <IsNextPage>N</IsNextPage>
            <IsFixedWidth>N</IsFixedWidth>
            <PrintNameSuffix/>
            <IsMaxCalc>N</IsMaxCalc>
            <RunningTotalLines/>
            <IsRunningTotal>N</IsRunningTotal>
            <IsMinCalc>N</IsMinCalc>
            <IsVarianceCalc>N</IsVarianceCalc>
            <IsDeviationCalc>N</IsDeviationCalc>
            <IsFilledRectangle>N</IsFilledRectangle>
            <LineWidth>1</LineWidth>
            <ArcDiameter>0</ArcDiameter>
            <ShapeType>N</ShapeType>
            <IsCentrallyMaintained>N</IsCentrallyMaintained>
            <IsImageField>N</IsImageField>
            <BarcodeType/>
            <FormatPattern/>
            <IsSuppressRepeats>N</IsSuppressRepeats>
            <AD_PrintFormatItem_UU>add6612f-5972-4b2b-a197-099399e63447</AD_PrintFormatItem_UU>
            <IsDesc>N</IsDesc>
            <IsPrintBarcodeText>Y</IsPrintBarcodeText>
            <DisplayLogic/>
            <Script/>
            <AD_PrintFormatItem_Trl type="translation">
                <Name>Organización</Name>
                <PrintName>Organización</PrintName>
                <PrintNameSuffix/>
                <AD_Language>es_CO</AD_Language>
                <IsActive>Y</IsActive>
                <IsTranslated>Y</IsTranslated>
            </AD_PrintFormatItem_Trl>
        </AD_PrintFormatItem>
        <AD_PrintFormatItem type="table">
            <AD_Org_ID>0</AD_Org_ID>
            <SeqNo>20</SeqNo>
            <Name>rifagente</Name>
            <IsNextLine>N</IsNextLine>
            <AD_PrintFormatChild_ID reference="id"/>
            <PrintName>Razón Social</PrintName>
            <YSpace>0</YSpace>
            <SortNo>0</SortNo>
            <AD_Column_ID reference="uuid" reference-key="AD_Column">e57bc894-6135-41d1-a91e-91c3028ede82</AD_Column_ID>
            <IsPageBreak>N</IsPageBreak>
            <IsRelativePosition>Y</IsRelativePosition>
            <MaxWidth>0</MaxWidth>
            <IsSummarized>N</IsSummarized>
            <YPosition>0</YPosition>
            <AD_PrintColor_ID reference="id"/>
            <AD_PrintFormat_ID reference="uuid" reference-key="AD_PrintFormat">8d275dca-4994-46e2-be08-dfee0af2f468</AD_PrintFormat_ID>
            <AD_Org_ID reference="id">0</AD_Org_ID>
            <XSpace>0</XSpace>
            <AD_PrintFont_ID reference="id"/>
            <IsActive>Y</IsActive>
            <IsHeightOneLine>N</IsHeightOneLine>
            <MaxHeight>0</MaxHeight>
            <XPosition>0</XPosition>
            <FieldAlignmentType>B</FieldAlignmentType>
            <IsPrinted>Y</IsPrinted>
            <IsOrderBy>N</IsOrderBy>
            <IsGroupBy>N</IsGroupBy>
            <LineAlignmentType>X</LineAlignmentType>
            <PrintFormatType>F</PrintFormatType>
            <PrintAreaType>C</PrintAreaType>
            <ImageURL/>
            <ImageIsAttached>N</ImageIsAttached>
            <IsCounted>N</IsCounted>
            <IsAveraged>N</IsAveraged>
            <IsSuppressNull>N</IsSuppressNull>
            <IsSetNLPosition>N</IsSetNLPosition>
            <BelowColumn/>
            <AD_PrintGraph_ID reference="id"/>
            <IsNextPage>N</IsNextPage>
            <IsFixedWidth>N</IsFixedWidth>
            <PrintNameSuffix/>
            <IsMaxCalc>N</IsMaxCalc>
            <RunningTotalLines/>
            <IsRunningTotal>N</IsRunningTotal>
            <IsMinCalc>N</IsMinCalc>
            <IsVarianceCalc>N</IsVarianceCalc>
            <IsDeviationCalc>N</IsDeviationCalc>
            <IsFilledRectangle>N</IsFilledRectangle>
            <LineWidth>1</LineWidth>
            <ArcDiameter>0</ArcDiameter>
            <ShapeType>N</ShapeType>
            <IsCentrallyMaintained>N</IsCentrallyMaintained>
            <IsImageField>N</IsImageField>
            <BarcodeType/>
            <FormatPattern/>
            <IsSuppressRepeats>N</IsSuppressRepeats>
            <AD_PrintFormatItem_UU>dc6d0733-25f4-4719-a42b-598a54b30882</AD_PrintFormatItem_UU>
            <IsDesc>N</IsDesc>
            <IsPrintBarcodeText>Y</IsPrintBarcodeText>
            <DisplayLogic/>
            <Script/>
            <AD_PrintFormatItem_Trl type="translation">
                <Name>Razón Social</Name>
                <PrintName>Razón Social</PrintName>
                <PrintNameSuffix/>
                <AD_Language>es_CO</AD_Language>
                <IsActive>Y</IsActive>
                <IsTranslated>Y</IsTranslated>
            </AD_PrintFormatItem_Trl>
        </AD_PrintFormatItem>
        <AD_PrintFormatItem type="table">
            <AD_Org_ID>0</AD_Org_ID>
            <SeqNo>30</SeqNo>
            <Name>rifretenido</Name>
            <IsNextLine>N</IsNextLine>
            <AD_PrintFormatChild_ID reference="id"/>
            <PrintName>Rif Proveedor</PrintName>
            <YSpace>0</YSpace>
            <SortNo>0</SortNo>
            <AD_Column_ID reference="uuid" reference-key="AD_Column">1c57c84d-d912-4d70-a817-2a1f79fcb17d</AD_Column_ID>
            <IsPageBreak>N</IsPageBreak>
            <IsRelativePosition>Y</IsRelativePosition>
            <MaxWidth>0</MaxWidth>
            <IsSummarized>N</IsSummarized>
            <YPosition>0</YPosition>
            <AD_PrintColor_ID reference="id"/>
            <AD_PrintFormat_ID reference="uuid" reference-key="AD_PrintFormat">8d275dca-4994-46e2-be08-dfee0af2f468</AD_PrintFormat_ID>
            <AD_Org_ID reference="id">0</AD_Org_ID>
            <XSpace>0</XSpace>
            <AD_PrintFont_ID reference="id"/>
            <IsActive>Y</IsActive>
            <IsHeightOneLine>N</IsHeightOneLine>
            <MaxHeight>0</MaxHeight>
            <XPosition>0</XPosition>
            <FieldAlignmentType>B</FieldAlignmentType>
            <IsPrinted>Y</IsPrinted>
            <IsOrderBy>N</IsOrderBy>
            <IsGroupBy>N</IsGroupBy>
            <LineAlignmentType>X</LineAlignmentType>
            <PrintFormatType>F</PrintFormatType>
            <PrintAreaType>C</PrintAreaType>
            <ImageURL/>
            <ImageIsAttached>N</ImageIsAttached>
            <IsCounted>N</IsCounted>
            <IsAveraged>N</IsAveraged>
            <IsSuppressNull>N</IsSuppressNull>
            <IsSetNLPosition>N</IsSetNLPosition>
            <BelowColumn/>
            <AD_PrintGraph_ID reference="id"/>
            <IsNextPage>N</IsNextPage>
            <IsFixedWidth>N</IsFixedWidth>
            <PrintNameSuffix/>
            <IsMaxCalc>N</IsMaxCalc>
            <RunningTotalLines/>
            <IsRunningTotal>N</IsRunningTotal>
            <IsMinCalc>N</IsMinCalc>
            <IsVarianceCalc>N</IsVarianceCalc>
            <IsDeviationCalc>N</IsDeviationCalc>
            <IsFilledRectangle>N</IsFilledRectangle>
            <LineWidth>1</LineWidth>
            <ArcDiameter>0</ArcDiameter>
            <ShapeType>N</ShapeType>
            <IsCentrallyMaintained>N</IsCentrallyMaintained>
            <IsImageField>N</IsImageField>
            <BarcodeType/>
            <FormatPattern/>
            <IsSuppressRepeats>N</IsSuppressRepeats>
            <AD_PrintFormatItem_UU>c85f2275-689d-4ef0-8ba9-c3c7a34d2b1a</AD_PrintFormatItem_UU>
            <IsDesc>N</IsDesc>
            <IsPrintBarcodeText>Y</IsPrintBarcodeText>
            <DisplayLogic/>
            <Script/>
            <AD_PrintFormatItem_Trl type="translation">
                <Name>Rif Proveedor</Name>
                <PrintName>Rif Proveedor</PrintName>
                <PrintNameSuffix/>
                <AD_Language>es_CO</AD_Language>
                <IsActive>Y</IsActive>
                <IsTranslated>Y</IsTranslated>
            </AD_PrintFormatItem_Trl>
        </AD_PrintFormatItem>
        <AD_PrintFormatItem type="table">
            <AD_Org_ID>0</AD_Org_ID>
            <SeqNo>40</SeqNo>
            <Name>numerofactura</Name>
            <IsNextLine>N</IsNextLine>
            <AD_PrintFormatChild_ID reference="id"/>
            <PrintName>Número de Factura</PrintName>
            <YSpace>0</YSpace>
            <SortNo>0</SortNo>
            <AD_Column_ID reference="uuid" reference-key="AD_Column">3cc66682-497f-43d0-b435-3af2fc57ff12</AD_Column_ID>
            <IsPageBreak>N</IsPageBreak>
            <IsRelativePosition>Y</IsRelativePosition>
            <MaxWidth>0</MaxWidth>
            <IsSummarized>N</IsSummarized>
            <YPosition>0</YPosition>
            <AD_PrintColor_ID reference="id"/>
            <AD_PrintFormat_ID reference="uuid" reference-key="AD_PrintFormat">8d275dca-4994-46e2-be08-dfee0af2f468</AD_PrintFormat_ID>
            <AD_Org_ID reference="id">0</AD_Org_ID>
            <XSpace>0</XSpace>
            <AD_PrintFont_ID reference="id"/>
            <IsActive>Y</IsActive>
            <IsHeightOneLine>N</IsHeightOneLine>
            <MaxHeight>0</MaxHeight>
            <XPosition>0</XPosition>
            <FieldAlignmentType>L</FieldAlignmentType>
            <IsPrinted>Y</IsPrinted>
            <IsOrderBy>N</IsOrderBy>
            <IsGroupBy>N</IsGroupBy>
            <LineAlignmentType>X</LineAlignmentType>
            <PrintFormatType>F</PrintFormatType>
            <PrintAreaType>C</PrintAreaType>
            <ImageURL/>
            <ImageIsAttached>N</ImageIsAttached>
            <IsCounted>N</IsCounted>
            <IsAveraged>N</IsAveraged>
            <IsSuppressNull>N</IsSuppressNull>
            <IsSetNLPosition>N</IsSetNLPosition>
            <BelowColumn/>
            <AD_PrintGraph_ID reference="id"/>
            <IsNextPage>N</IsNextPage>
            <IsFixedWidth>N</IsFixedWidth>
            <PrintNameSuffix/>
            <IsMaxCalc>N</IsMaxCalc>
            <RunningTotalLines/>
            <IsRunningTotal>N</IsRunningTotal>
            <IsMinCalc>N</IsMinCalc>
            <IsVarianceCalc>N</IsVarianceCalc>
            <IsDeviationCalc>N</IsDeviationCalc>
            <IsFilledRectangle>N</IsFilledRectangle>
            <LineWidth>1</LineWidth>
            <ArcDiameter>0</ArcDiameter>
            <ShapeType>N</ShapeType>
            <IsCentrallyMaintained>N</IsCentrallyMaintained>
            <IsImageField>N</IsImageField>
            <BarcodeType/>
            <FormatPattern/>
            <IsSuppressRepeats>N</IsSuppressRepeats>
            <AD_PrintFormatItem_UU>b58a9cbe-bc2d-46ef-a811-1c52b17ecc59</AD_PrintFormatItem_UU>
            <IsDesc>N</IsDesc>
            <IsPrintBarcodeText>Y</IsPrintBarcodeText>
            <DisplayLogic/>
            <Script/>
            <AD_PrintFormatItem_Trl type="translation">
                <Name>Número de Factura</Name>
                <PrintName>Número de Factura</PrintName>
                <PrintNameSuffix/>
                <AD_Language>es_CO</AD_Language>
                <IsActive>Y</IsActive>
                <IsTranslated>Y</IsTranslated>
            </AD_PrintFormatItem_Trl>
        </AD_PrintFormatItem>
        <AD_PrintFormatItem type="table">
            <AD_Org_ID>0</AD_Org_ID>
            <SeqNo>50</SeqNo>
            <Name>numerocontrol</Name>
            <IsNextLine>N</IsNextLine>
            <AD_PrintFormatChild_ID reference="id"/>
            <PrintName>Número de Control</PrintName>
            <YSpace>0</YSpace>
            <SortNo>0</SortNo>
            <AD_Column_ID reference="uuid" reference-key="AD_Column">3bc65dd2-09b1-4d72-a733-f8861d30e8fc</AD_Column_ID>
            <IsPageBreak>N</IsPageBreak>
            <IsRelativePosition>Y</IsRelativePosition>
            <MaxWidth>0</MaxWidth>
            <IsSummarized>N</IsSummarized>
            <YPosition>0</YPosition>
            <AD_PrintColor_ID reference="id"/>
            <AD_PrintFormat_ID reference="uuid" reference-key="AD_PrintFormat">8d275dca-4994-46e2-be08-dfee0af2f468</AD_PrintFormat_ID>
            <AD_Org_ID reference="id">0</AD_Org_ID>
            <XSpace>0</XSpace>
            <AD_PrintFont_ID reference="id"/>
            <IsActive>Y</IsActive>
            <IsHeightOneLine>N</IsHeightOneLine>
            <MaxHeight>0</MaxHeight>
            <XPosition>0</XPosition>
            <FieldAlignmentType>B</FieldAlignmentType>
            <IsPrinted>Y</IsPrinted>
            <IsOrderBy>N</IsOrderBy>
            <IsGroupBy>N</IsGroupBy>
            <LineAlignmentType>X</LineAlignmentType>
            <PrintFormatType>F</PrintFormatType>
            <PrintAreaType>C</PrintAreaType>
            <ImageURL/>
            <ImageIsAttached>N</ImageIsAttached>
            <IsCounted>N</IsCounted>
            <IsAveraged>N</IsAveraged>
            <IsSuppressNull>N</IsSuppressNull>
            <IsSetNLPosition>N</IsSetNLPosition>
            <BelowColumn/>
            <AD_PrintGraph_ID reference="id"/>
            <IsNextPage>N</IsNextPage>
            <IsFixedWidth>N</IsFixedWidth>
            <PrintNameSuffix/>
            <IsMaxCalc>N</IsMaxCalc>
            <RunningTotalLines/>
            <IsRunningTotal>N</IsRunningTotal>
            <IsMinCalc>N</IsMinCalc>
            <IsVarianceCalc>N</IsVarianceCalc>
            <IsDeviationCalc>N</IsDeviationCalc>
            <IsFilledRectangle>N</IsFilledRectangle>
            <LineWidth>1</LineWidth>
            <ArcDiameter>0</ArcDiameter>
            <ShapeType>N</ShapeType>
            <IsCentrallyMaintained>N</IsCentrallyMaintained>
            <IsImageField>N</IsImageField>
            <BarcodeType/>
            <FormatPattern/>
            <IsSuppressRepeats>N</IsSuppressRepeats>
            <AD_PrintFormatItem_UU>e9dc157c-67cf-4307-9b66-7b73006ccd71</AD_PrintFormatItem_UU>
            <IsDesc>N</IsDesc>
            <IsPrintBarcodeText>Y</IsPrintBarcodeText>
            <DisplayLogic/>
            <Script/>
            <AD_PrintFormatItem_Trl type="translation">
                <Name>Número de Control</Name>
                <PrintName>Número de Control</PrintName>
                <PrintNameSuffix/>
                <AD_Language>es_CO</AD_Language>
                <IsActive>Y</IsActive>
                <IsTranslated>Y</IsTranslated>
            </AD_PrintFormatItem_Trl>
        </AD_PrintFormatItem>
        <AD_PrintFormatItem type="table">
            <AD_Org_ID>0</AD_Org_ID>
            <SeqNo>60</SeqNo>
            <Name>fecha</Name>
            <IsNextLine>N</IsNextLine>
            <AD_PrintFormatChild_ID reference="id"/>
            <PrintName>Fecha</PrintName>
            <YSpace>0</YSpace>
            <SortNo>0</SortNo>
            <AD_Column_ID reference="uuid" reference-key="AD_Column">26855ee2-36b1-444b-ad2a-e78571d9a09e</AD_Column_ID>
            <IsPageBreak>N</IsPageBreak>
            <IsRelativePosition>Y</IsRelativePosition>
            <MaxWidth>0</MaxWidth>
            <IsSummarized>N</IsSummarized>
            <YPosition>0</YPosition>
            <AD_PrintColor_ID reference="id"/>
            <AD_PrintFormat_ID reference="uuid" reference-key="AD_PrintFormat">8d275dca-4994-46e2-be08-dfee0af2f468</AD_PrintFormat_ID>
            <AD_Org_ID reference="id">0</AD_Org_ID>
            <XSpace>0</XSpace>
            <AD_PrintFont_ID reference="id"/>
            <IsActive>Y</IsActive>
            <IsHeightOneLine>N</IsHeightOneLine>
            <MaxHeight>0</MaxHeight>
            <XPosition>0</XPosition>
            <FieldAlignmentType>L</FieldAlignmentType>
            <IsPrinted>Y</IsPrinted>
            <IsOrderBy>N</IsOrderBy>
            <IsGroupBy>N</IsGroupBy>
            <LineAlignmentType>X</LineAlignmentType>
            <PrintFormatType>F</PrintFormatType>
            <PrintAreaType>C</PrintAreaType>
            <ImageURL/>
            <ImageIsAttached>N</ImageIsAttached>
            <IsCounted>N</IsCounted>
            <IsAveraged>N</IsAveraged>
            <IsSuppressNull>N</IsSuppressNull>
            <IsSetNLPosition>N</IsSetNLPosition>
            <BelowColumn/>
            <AD_PrintGraph_ID reference="id"/>
            <IsNextPage>N</IsNextPage>
            <IsFixedWidth>N</IsFixedWidth>
            <PrintNameSuffix/>
            <IsMaxCalc>N</IsMaxCalc>
            <RunningTotalLines/>
            <IsRunningTotal>N</IsRunningTotal>
            <IsMinCalc>N</IsMinCalc>
            <IsVarianceCalc>N</IsVarianceCalc>
            <IsDeviationCalc>N</IsDeviationCalc>
            <IsFilledRectangle>N</IsFilledRectangle>
            <LineWidth>1</LineWidth>
            <ArcDiameter>0</ArcDiameter>
            <ShapeType>N</ShapeType>
            <IsCentrallyMaintained>N</IsCentrallyMaintained>
            <IsImageField>N</IsImageField>
            <BarcodeType/>
            <FormatPattern/>
            <IsSuppressRepeats>N</IsSuppressRepeats>
            <AD_PrintFormatItem_UU>04547fbd-3454-48ee-a9a2-cd77b8a29d23</AD_PrintFormatItem_UU>
            <IsDesc>N</IsDesc>
            <IsPrintBarcodeText>Y</IsPrintBarcodeText>
            <DisplayLogic/>
            <Script/>
            <AD_PrintFormatItem_Trl type="translation">
                <Name>Fecha</Name>
                <PrintName>Fecha</PrintName>
                <PrintNameSuffix/>
                <AD_Language>es_CO</AD_Language>
                <IsActive>Y</IsActive>
                <IsTranslated>Y</IsTranslated>
            </AD_PrintFormatItem_Trl>
        </AD_PrintFormatItem>
        <AD_PrintFormatItem type="table">
            <AD_Org_ID>0</AD_Org_ID>
            <SeqNo>70</SeqNo>
            <Name>codigoconcepto</Name>
            <IsNextLine>N</IsNextLine>
            <AD_PrintFormatChild_ID reference="id"/>
            <PrintName>Concepto</PrintName>
            <YSpace>0</YSpace>
            <SortNo>0</SortNo>
            <AD_Column_ID reference="uuid" reference-key="AD_Column">b657655e-75e7-4f7d-b6ef-fa3e10b6f710</AD_Column_ID>
            <IsPageBreak>N</IsPageBreak>
            <IsRelativePosition>Y</IsRelativePosition>
            <MaxWidth>0</MaxWidth>
            <IsSummarized>N</IsSummarized>
            <YPosition>0</YPosition>
            <AD_PrintColor_ID reference="id"/>
            <AD_PrintFormat_ID reference="uuid" reference-key="AD_PrintFormat">8d275dca-4994-46e2-be08-dfee0af2f468</AD_PrintFormat_ID>
            <AD_Org_ID reference="id">0</AD_Org_ID>
            <XSpace>0</XSpace>
            <AD_PrintFont_ID reference="id"/>
            <IsActive>Y</IsActive>
            <IsHeightOneLine>N</IsHeightOneLine>
            <MaxHeight>0</MaxHeight>
            <XPosition>0</XPosition>
            <FieldAlignmentType>B</FieldAlignmentType>
            <IsPrinted>Y</IsPrinted>
            <IsOrderBy>N</IsOrderBy>
            <IsGroupBy>N</IsGroupBy>
            <LineAlignmentType>X</LineAlignmentType>
            <PrintFormatType>F</PrintFormatType>
            <PrintAreaType>C</PrintAreaType>
            <ImageURL/>
            <ImageIsAttached>N</ImageIsAttached>
            <IsCounted>N</IsCounted>
            <IsAveraged>N</IsAveraged>
            <IsSuppressNull>N</IsSuppressNull>
            <IsSetNLPosition>N</IsSetNLPosition>
            <BelowColumn/>
            <AD_PrintGraph_ID reference="id"/>
            <IsNextPage>N</IsNextPage>
            <IsFixedWidth>N</IsFixedWidth>
            <PrintNameSuffix/>
            <IsMaxCalc>N</IsMaxCalc>
            <RunningTotalLines/>
            <IsRunningTotal>N</IsRunningTotal>
            <IsMinCalc>N</IsMinCalc>
            <IsVarianceCalc>N</IsVarianceCalc>
            <IsDeviationCalc>N</IsDeviationCalc>
            <IsFilledRectangle>N</IsFilledRectangle>
            <LineWidth>1</LineWidth>
            <ArcDiameter>0</ArcDiameter>
            <ShapeType>N</ShapeType>
            <IsCentrallyMaintained>N</IsCentrallyMaintained>
            <IsImageField>N</IsImageField>
            <BarcodeType/>
            <FormatPattern/>
            <IsSuppressRepeats>N</IsSuppressRepeats>
            <AD_PrintFormatItem_UU>f71bc09b-2285-461c-9cdf-9942c54f3664</AD_PrintFormatItem_UU>
            <IsDesc>N</IsDesc>
            <IsPrintBarcodeText>Y</IsPrintBarcodeText>
            <DisplayLogic/>
            <Script/>
            <AD_PrintFormatItem_Trl type="translation">
                <Name>Concepto</Name>
                <PrintName>Concepto</PrintName>
                <PrintNameSuffix/>
                <AD_Language>es_CO</AD_Language>
                <IsActive>Y</IsActive>
                <IsTranslated>Y</IsTranslated>
            </AD_PrintFormatItem_Trl>
        </AD_PrintFormatItem>
        <AD_PrintFormatItem type="table">
            <AD_Org_ID>0</AD_Org_ID>
            <SeqNo>80</SeqNo>
            <Name>montooperacion</Name>
            <IsNextLine>N</IsNextLine>
            <AD_PrintFormatChild_ID reference="id"/>
            <PrintName>Monto Operación</PrintName>
            <YSpace>0</YSpace>
            <SortNo>0</SortNo>
            <AD_Column_ID reference="uuid" reference-key="AD_Column">a296aa33-aa49-4fd9-8af7-f59447e2dfc8</AD_Column_ID>
            <IsPageBreak>N</IsPageBreak>
            <IsRelativePosition>Y</IsRelativePosition>
            <MaxWidth>0</MaxWidth>
            <IsSummarized>N</IsSummarized>
            <YPosition>0</YPosition>
            <AD_PrintColor_ID reference="id"/>
            <AD_PrintFormat_ID reference="uuid" reference-key="AD_PrintFormat">8d275dca-4994-46e2-be08-dfee0af2f468</AD_PrintFormat_ID>
            <AD_Org_ID reference="id">0</AD_Org_ID>
            <XSpace>0</XSpace>
            <AD_PrintFont_ID reference="id"/>
            <IsActive>Y</IsActive>
            <IsHeightOneLine>N</IsHeightOneLine>
            <MaxHeight>0</MaxHeight>
            <XPosition>0</XPosition>
            <FieldAlignmentType>T</FieldAlignmentType>
            <IsPrinted>Y</IsPrinted>
            <IsOrderBy>N</IsOrderBy>
            <IsGroupBy>N</IsGroupBy>
            <LineAlignmentType>X</LineAlignmentType>
            <PrintFormatType>F</PrintFormatType>
            <PrintAreaType>C</PrintAreaType>
            <ImageURL/>
            <ImageIsAttached>N</ImageIsAttached>
            <IsCounted>N</IsCounted>
            <IsAveraged>N</IsAveraged>
            <IsSuppressNull>N</IsSuppressNull>
            <IsSetNLPosition>N</IsSetNLPosition>
            <BelowColumn/>
            <AD_PrintGraph_ID reference="id"/>
            <IsNextPage>N</IsNextPage>
            <IsFixedWidth>N</IsFixedWidth>
            <PrintNameSuffix/>
            <IsMaxCalc>N</IsMaxCalc>
            <RunningTotalLines/>
            <IsRunningTotal>N</IsRunningTotal>
            <IsMinCalc>N</IsMinCalc>
            <IsVarianceCalc>N</IsVarianceCalc>
            <IsDeviationCalc>N</IsDeviationCalc>
            <IsFilledRectangle>N</IsFilledRectangle>
            <LineWidth>1</LineWidth>
            <ArcDiameter>0</ArcDiameter>
            <ShapeType>N</ShapeType>
            <IsCentrallyMaintained>N</IsCentrallyMaintained>
            <IsImageField>N</IsImageField>
            <BarcodeType/>
            <FormatPattern/>
            <IsSuppressRepeats>N</IsSuppressRepeats>
            <AD_PrintFormatItem_UU>bdffcf06-a20f-4a45-b02f-d07e5a0d1ad5</AD_PrintFormatItem_UU>
            <IsDesc>N</IsDesc>
            <IsPrintBarcodeText>Y</IsPrintBarcodeText>
            <DisplayLogic/>
            <Script/>
            <AD_PrintFormatItem_Trl type="translation">
                <Name>Monto Operación</Name>
                <PrintName>Monto Operación</PrintName>
                <PrintNameSuffix/>
                <AD_Language>es_CO</AD_Language>
                <IsActive>Y</IsActive>
                <IsTranslated>Y</IsTranslated>
            </AD_PrintFormatItem_Trl>
        </AD_PrintFormatItem>
        <AD_PrintFormatItem type="table">
            <AD_Org_ID>0</AD_Org_ID>
            <SeqNo>90</SeqNo>
            <Name>porcentajeretencion</Name>
            <IsNextLine>N</IsNextLine>
            <AD_PrintFormatChild_ID reference="id"/>
            <PrintName>Porcentaje</PrintName>
            <YSpace>0</YSpace>
            <SortNo>0</SortNo>
            <AD_Column_ID reference="uuid" reference-key="AD_Column">f528213a-ced1-4ccb-8175-eef887ea9fd1</AD_Column_ID>
            <IsPageBreak>N</IsPageBreak>
            <IsRelativePosition>Y</IsRelativePosition>
            <MaxWidth>0</MaxWidth>
            <IsSummarized>N</IsSummarized>
            <YPosition>0</YPosition>
            <AD_PrintColor_ID reference="id"/>
            <AD_PrintFormat_ID reference="uuid" reference-key="AD_PrintFormat">8d275dca-4994-46e2-be08-dfee0af2f468</AD_PrintFormat_ID>
            <AD_Org_ID reference="id">0</AD_Org_ID>
            <XSpace>0</XSpace>
            <AD_PrintFont_ID reference="id"/>
            <IsActive>Y</IsActive>
            <IsHeightOneLine>N</IsHeightOneLine>
            <MaxHeight>0</MaxHeight>
            <XPosition>0</XPosition>
            <FieldAlignmentType>T</FieldAlignmentType>
            <IsPrinted>Y</IsPrinted>
            <IsOrderBy>N</IsOrderBy>
            <IsGroupBy>N</IsGroupBy>
            <LineAlignmentType>X</LineAlignmentType>
            <PrintFormatType>F</PrintFormatType>
            <PrintAreaType>C</PrintAreaType>
            <ImageURL/>
            <ImageIsAttached>N</ImageIsAttached>
            <IsCounted>N</IsCounted>
            <IsAveraged>N</IsAveraged>
            <IsSuppressNull>N</IsSuppressNull>
            <IsSetNLPosition>N</IsSetNLPosition>
            <BelowColumn/>
            <AD_PrintGraph_ID reference="id"/>
            <IsNextPage>N</IsNextPage>
            <IsFixedWidth>N</IsFixedWidth>
            <PrintNameSuffix/>
            <IsMaxCalc>N</IsMaxCalc>
            <RunningTotalLines/>
            <IsRunningTotal>N</IsRunningTotal>
            <IsMinCalc>N</IsMinCalc>
            <IsVarianceCalc>N</IsVarianceCalc>
            <IsDeviationCalc>N</IsDeviationCalc>
            <IsFilledRectangle>N</IsFilledRectangle>
            <LineWidth>1</LineWidth>
            <ArcDiameter>0</ArcDiameter>
            <ShapeType>N</ShapeType>
            <IsCentrallyMaintained>N</IsCentrallyMaintained>
            <IsImageField>N</IsImageField>
            <BarcodeType/>
            <FormatPattern/>
            <IsSuppressRepeats>N</IsSuppressRepeats>
            <AD_PrintFormatItem_UU>be9925a1-01d9-4cf6-8c15-bb52b0d618fb</AD_PrintFormatItem_UU>
            <IsDesc>N</IsDesc>
            <IsPrintBarcodeText>Y</IsPrintBarcodeText>
            <DisplayLogic/>
            <Script/>
            <AD_PrintFormatItem_Trl type="translation">
                <Name>Porcentaje</Name>
                <PrintName>Porcentaje</PrintName>
                <PrintNameSuffix/>
                <AD_Language>es_CO</AD_Language>
                <IsActive>Y</IsActive>
                <IsTranslated>Y</IsTranslated>
            </AD_PrintFormatItem_Trl>
        </AD_PrintFormatItem>
        <AD_PrintFormatItem type="table">
            <AD_Org_ID>0</AD_Org_ID>
            <SeqNo>100</SeqNo>
            <Name>Generate XML Seniat</Name>
            <IsNextLine>N</IsNextLine>
            <AD_PrintFormatChild_ID reference="id"/>
            <PrintName>Generate XML Seniat</PrintName>
            <YSpace>0</YSpace>
            <SortNo>0</SortNo>
            <AD_Column_ID reference="uuid" reference-key="AD_Column">d61297a2-03c6-413a-af5f-a912cd4cf65a</AD_Column_ID>
            <IsPageBreak>N</IsPageBreak>
            <IsRelativePosition>Y</IsRelativePosition>
            <MaxWidth>0</MaxWidth>
            <IsSummarized>N</IsSummarized>
            <YPosition>0</YPosition>
            <AD_PrintColor_ID reference="id"/>
            <AD_PrintFormat_ID reference="uuid" reference-key="AD_PrintFormat">8d275dca-4994-46e2-be08-dfee0af2f468</AD_PrintFormat_ID>
            <AD_Org_ID reference="id">0</AD_Org_ID>
            <XSpace>0</XSpace>
            <AD_PrintFont_ID reference="id"/>
            <IsActive>Y</IsActive>
            <IsHeightOneLine>N</IsHeightOneLine>
            <MaxHeight>0</MaxHeight>
            <XPosition>0</XPosition>
            <FieldAlignmentType>L</FieldAlignmentType>
            <IsPrinted>N</IsPrinted>
            <IsOrderBy>N</IsOrderBy>
            <IsGroupBy>N</IsGroupBy>
            <LineAlignmentType>X</LineAlignmentType>
            <PrintFormatType>F</PrintFormatType>
            <PrintAreaType>C</PrintAreaType>
            <ImageURL/>
            <ImageIsAttached>N</ImageIsAttached>
            <IsCounted>N</IsCounted>
            <IsAveraged>N</IsAveraged>
            <IsSuppressNull>N</IsSuppressNull>
            <IsSetNLPosition>N</IsSetNLPosition>
            <BelowColumn/>
            <AD_PrintGraph_ID reference="id"/>
            <IsNextPage>N</IsNextPage>
            <IsFixedWidth>N</IsFixedWidth>
            <PrintNameSuffix/>
            <IsMaxCalc>N</IsMaxCalc>
            <RunningTotalLines/>
            <IsRunningTotal>N</IsRunningTotal>
            <IsMinCalc>N</IsMinCalc>
            <IsVarianceCalc>N</IsVarianceCalc>
            <IsDeviationCalc>N</IsDeviationCalc>
            <IsFilledRectangle>N</IsFilledRectangle>
            <LineWidth>1</LineWidth>
            <ArcDiameter>0</ArcDiameter>
            <ShapeType>N</ShapeType>
            <IsCentrallyMaintained>Y</IsCentrallyMaintained>
            <IsImageField>N</IsImageField>
            <BarcodeType/>
            <FormatPattern/>
            <IsSuppressRepeats>N</IsSuppressRepeats>
            <AD_PrintFormatItem_UU>1c5b99c6-0186-4ea1-bda1-c3a22830ce93</AD_PrintFormatItem_UU>
            <IsDesc>N</IsDesc>
            <IsPrintBarcodeText>Y</IsPrintBarcodeText>
            <DisplayLogic/>
            <Script/>
            <AD_PrintFormatItem_Trl type="translation">
                <Name>Generar XML Seniat</Name>
                <PrintName>Generar XML Seniat</PrintName>
                <PrintNameSuffix/>
                <AD_Language>es_CO</AD_Language>
                <IsActive>Y</IsActive>
                <IsTranslated>Y</IsTranslated>
            </AD_PrintFormatItem_Trl>
        </AD_PrintFormatItem>
        <AD_PrintFormatItem type="table">
            <AD_Org_ID>0</AD_Org_ID>
            <SeqNo>110</SeqNo>
            <Name>periodo</Name>
            <IsNextLine>N</IsNextLine>
            <AD_PrintFormatChild_ID reference="id"/>
            <PrintName>periodo</PrintName>
            <YSpace>0</YSpace>
            <SortNo>0</SortNo>
            <AD_Column_ID reference="uuid" reference-key="AD_Column">aec4f98d-9764-4c97-8f12-161fb5aa4556</AD_Column_ID>
            <IsPageBreak>N</IsPageBreak>
            <IsRelativePosition>Y</IsRelativePosition>
            <MaxWidth>0</MaxWidth>
            <IsSummarized>N</IsSummarized>
            <YPosition>0</YPosition>
            <AD_PrintColor_ID reference="id"/>
            <AD_PrintFormat_ID reference="uuid" reference-key="AD_PrintFormat">8d275dca-4994-46e2-be08-dfee0af2f468</AD_PrintFormat_ID>
            <AD_Org_ID reference="id">0</AD_Org_ID>
            <XSpace>0</XSpace>
            <AD_PrintFont_ID reference="id"/>
            <IsActive>Y</IsActive>
            <IsHeightOneLine>N</IsHeightOneLine>
            <MaxHeight>0</MaxHeight>
            <XPosition>0</XPosition>
            <FieldAlignmentType>B</FieldAlignmentType>
            <IsPrinted>N</IsPrinted>
            <IsOrderBy>N</IsOrderBy>
            <IsGroupBy>N</IsGroupBy>
            <LineAlignmentType>X</LineAlignmentType>
            <PrintFormatType>F</PrintFormatType>
            <PrintAreaType>C</PrintAreaType>
            <ImageURL/>
            <ImageIsAttached>N</ImageIsAttached>
            <IsCounted>N</IsCounted>
            <IsAveraged>N</IsAveraged>
            <IsSuppressNull>N</IsSuppressNull>
            <IsSetNLPosition>N</IsSetNLPosition>
            <BelowColumn/>
            <AD_PrintGraph_ID reference="id"/>
            <IsNextPage>N</IsNextPage>
            <IsFixedWidth>N</IsFixedWidth>
            <PrintNameSuffix/>
            <IsMaxCalc>N</IsMaxCalc>
            <RunningTotalLines/>
            <IsRunningTotal>N</IsRunningTotal>
            <IsMinCalc>N</IsMinCalc>
            <IsVarianceCalc>N</IsVarianceCalc>
            <IsDeviationCalc>N</IsDeviationCalc>
            <IsFilledRectangle>N</IsFilledRectangle>
            <LineWidth>1</LineWidth>
            <ArcDiameter>0</ArcDiameter>
            <ShapeType>N</ShapeType>
            <IsCentrallyMaintained>Y</IsCentrallyMaintained>
            <IsImageField>N</IsImageField>
            <BarcodeType/>
            <FormatPattern/>
            <IsSuppressRepeats>N</IsSuppressRepeats>
            <AD_PrintFormatItem_UU>7e792686-ad37-4442-81c0-ed14a6379e63</AD_PrintFormatItem_UU>
            <IsDesc>N</IsDesc>
            <IsPrintBarcodeText>Y</IsPrintBarcodeText>
            <DisplayLogic/>
            <Script/>
            <AD_PrintFormatItem_Trl type="translation">
                <Name>periodo</Name>
                <PrintName>periodo</PrintName>
                <PrintNameSuffix/>
                <AD_Language>es_CO</AD_Language>
                <IsActive>Y</IsActive>
                <IsTranslated>Y</IsTranslated>
            </AD_PrintFormatItem_Trl>
        </AD_PrintFormatItem>
    </AD_PrintFormat>
</idempiere>
