<?xml version="1.0" encoding="UTF-8"?><idempiere Name="2Pack_WithholdingVoucher(ARI)" Version="1.0.2" idempiereVersion="" DataBaseVersion="" Description="" Author="" AuthorEmail="" CreatedDate="2022-04-06 13:33:06.323" UpdatedDate="2022-04-06 14:49:17.96" PackOutVersion="100" UpdateDictionary="true" Client="0-SYSTEM-System" AD_Client_UU="11237b53-9592-4af1-b3c5-afd216514b5d">
    <AD_Menu type="table">
        <SeqNo>999</SeqNo>
        <AD_Client_ID>0</AD_Client_ID>
        <AD_Org_ID>0</AD_Org_ID>
        <Name>RPT_ARI_Withholdings</Name>
        <Description/>
        <Action>R</Action>
        <AD_Window_ID reference="id"/>
        <AD_Workflow_ID reference="id"/>
        <AD_Task_ID reference="id"/>
        <AD_Org_ID reference="id">0</AD_Org_ID>
        <IsActive>Y</IsActive>
        <IsSummary>N</IsSummary>
        <AD_Process_ID reference="uuid" reference-key="AD_Process">4ab21988-93a7-416b-8241-418ee464ea22</AD_Process_ID>
        <IsSOTrx>N</IsSOTrx>
        <AD_Form_ID reference="id"/>
        <IsReadOnly>N</IsReadOnly>
        <EntityType>ITS</EntityType>
        <IsCentrallyMaintained>Y</IsCentrallyMaintained>
        <AD_Menu_UU>6892e07a-dcfe-4b5b-998e-f0ac79282bd1</AD_Menu_UU>
        <AD_InfoWindow_ID reference="id"/>
        <PredefinedContextVariables/>
        <AD_Menu_Trl type="translation">
            <Description>Comprobante de Retencion (ARI)</Description>
            <Name>Comprobante de Retencion (ARI)</Name>
            <AD_Language>es_CO</AD_Language>
            <IsActive>Y</IsActive>
            <IsTranslated>N</IsTranslated>
        </AD_Menu_Trl>
        <AD_Attachment type="table">
            <AD_Client_ID>0</AD_Client_ID>
            <AD_Org_ID>0</AD_Org_ID>
            <AD_Org_ID reference="id">0</AD_Org_ID>
            <IsActive>Y</IsActive>
            <AD_Table_ID reference="id">284</AD_Table_ID>
            <Record_ID reference="uuid" reference-key="AD_Process">4ab21988-93a7-416b-8241-418ee464ea22</Record_ID>
            <BinaryData>1.dat|byte[]</BinaryData>
            <Title>zip</Title>
            <TextMsg/>
            <AD_Attachment_UU>0c2cbff9-1ec4-4d0e-b467-75ab19fb8ec4</AD_Attachment_UU>
            <AD_StorageProvider_ID reference="id"/>
        </AD_Attachment>
        <AD_Process type="table">
            <AD_Client_ID>0</AD_Client_ID>
            <AD_Org_ID>0</AD_Org_ID>
            <AD_Org_ID reference="id">0</AD_Org_ID>
            <IsActive>Y</IsActive>
            <Name>RPT_ARI_Withholdings</Name>
            <Description/>
            <Help/>
            <ProcedureName/>
            <IsReport>Y</IsReport>
            <Value>RPT_ARI_Withholdings</Value>
            <IsDirectPrint>N</IsDirectPrint>
            <AD_ReportView_ID reference="id"/>
            <Classname/>
            <AccessLevel>3</AccessLevel>
            <EntityType>ITS</EntityType>
            <Statistic_Count>0</Statistic_Count>
            <Statistic_Seconds>0</Statistic_Seconds>
            <AD_PrintFormat_ID reference="id"/>
            <WorkflowValue/>
            <AD_Workflow_ID reference="id"/>
            <IsBetaFunctionality>N</IsBetaFunctionality>
            <ShowHelp>Y</ShowHelp>
            <JasperReport>attachment:RPT_ARI_Withholdings.jrxml</JasperReport>
            <AD_Form_ID reference="id"/>
            <CopyFromProcess>N</CopyFromProcess>
            <AD_Process_UU>4ab21988-93a7-416b-8241-418ee464ea22</AD_Process_UU>
            <AD_CtxHelp_ID reference="id"/>
            <ExecutionType/>
            <AllowMultipleExecution>P</AllowMultipleExecution>
            <AD_Process_Trl type="translation">
                <Description>Comprobante de Retencion (ARI)</Description>
                <Help/>
                <Name>Comprobante de Retencion (ARI)</Name>
                <AD_Language>es_CO</AD_Language>
                <IsActive>Y</IsActive>
                <IsTranslated>N</IsTranslated>
            </AD_Process_Trl>
            <AD_Reference type="table">
                <AD_Reference_ID>19</AD_Reference_ID>
                <AD_Client_ID>0</AD_Client_ID>
                <AD_Org_ID>0</AD_Org_ID>
                <AD_Reference_ID>19</AD_Reference_ID>
                <Name>Table Direct</Name>
                <Description>Direct Table Access</Description>
                <Help/>
                <ValidationType>D</ValidationType>
                <AD_Org_ID reference="id">0</AD_Org_ID>
                <IsActive>Y</IsActive>
                <VFormat/>
                <EntityType>D</EntityType>
                <IsOrderByValue>N</IsOrderByValue>
                <AD_Reference_UU>85767149-7019-4224-a8d0-41f0d9d77d47</AD_Reference_UU>
                <AD_Element_ID reference="id"/>
                <AD_Reference_Trl type="translation">
                    <Description>Acceso directo de tabla</Description>
                    <Help/>
                    <Name>Tabla Directa</Name>
                    <AD_Language>es_CO</AD_Language>
                    <IsActive>Y</IsActive>
                    <IsTranslated>Y</IsTranslated>
                </AD_Reference_Trl>
            </AD_Reference>
            <AD_Val_Rule type="table">
                <AD_Val_Rule_ID>116</AD_Val_Rule_ID>
                <AD_Client_ID>0</AD_Client_ID>
                <AD_Org_ID>0</AD_Org_ID>
                <AD_Val_Rule_ID>116</AD_Val_Rule_ID>
                <Name>AD_Client Login</Name>
                <Description>Restrict to login client</Description>
                <Type>S</Type>
                <Code>AD_Client.AD_Client_ID=@#AD_Client_ID@</Code>
                <AD_Org_ID reference="id">0</AD_Org_ID>
                <IsActive>Y</IsActive>
                <EntityType>D</EntityType>
                <AD_Val_Rule_UU>f4979212-5211-4cdf-af61-baba360987dc</AD_Val_Rule_UU>
            </AD_Val_Rule>
            <AD_Element type="table">
                <AD_Element_ID>102</AD_Element_ID>
                <AD_Client_ID>0</AD_Client_ID>
                <AD_Org_ID>0</AD_Org_ID>
                <AD_Element_ID>102</AD_Element_ID>
                <AD_Org_ID reference="id">0</AD_Org_ID>
                <IsActive>Y</IsActive>
                <ColumnName>AD_Client_ID</ColumnName>
                <Name>Client</Name>
                <Description>Client/Tenant for this installation.</Description>
                <Help>A Client is a company or a legal entity. You cannot share data between Clients. Tenant is a synonym for Client.</Help>
                <PrintName>Client</PrintName>
                <PO_Description/>
                <PO_Help/>
                <PO_Name/>
                <PO_PrintName/>
                <EntityType>D</EntityType>
                <AD_Element_UU>c46491d1-7547-4374-88fd-cbc701d47d7f</AD_Element_UU>
                <Placeholder/>
                <AD_Element_Trl type="translation">
                    <Description>Grupo Empresarial para esta instalación</Description>
                    <Help>Grupo Empresarial. No se pueden compartir datos entre diferentes grupos empresariales.</Help>
                    <Name>Grupo Empresarial</Name>
                    <Placeholder/>
                    <PO_Description/>
                    <PO_Help/>
                    <PO_Name/>
                    <PO_PrintName/>
                    <PrintName>Grupo Empresarial</PrintName>
                    <AD_Language>es_CO</AD_Language>
                    <IsActive>Y</IsActive>
                    <IsTranslated>Y</IsTranslated>
                </AD_Element_Trl>
            </AD_Element>
            <AD_Process_Para type="table">
                <AD_Client_ID>0</AD_Client_ID>
                <AD_Org_ID>0</AD_Org_ID>
                <AD_Org_ID reference="id">0</AD_Org_ID>
                <IsActive>Y</IsActive>
                <Name>Client</Name>
                <Description>Client/Tenant for this installation.</Description>
                <Help>A Client is a company or a legal entity. You cannot share data between Clients. Tenant is a synonym for Client.</Help>
                <AD_Process_ID reference="uuid" reference-key="AD_Process">4ab21988-93a7-416b-8241-418ee464ea22</AD_Process_ID>
                <SeqNo>10</SeqNo>
                <AD_Reference_ID reference="id">19</AD_Reference_ID>
                <AD_Reference_Value_ID reference="id"/>
                <IsRange>N</IsRange>
                <AD_Val_Rule_ID reference="id">116</AD_Val_Rule_ID>
                <FieldLength>0</FieldLength>
                <IsMandatory>Y</IsMandatory>
                <DefaultValue>@#AD_Client_ID@</DefaultValue>
                <VFormat/>
                <ValueMin/>
                <ValueMax/>
                <ColumnName>AD_Client_ID</ColumnName>
                <DefaultValue2/>
                <IsCentrallyMaintained>Y</IsCentrallyMaintained>
                <EntityType>ITS</EntityType>
                <AD_Element_ID reference="id">102</AD_Element_ID>
                <ReadOnlyLogic>1=1</ReadOnlyLogic>
                <DisplayLogic/>
                <AD_Process_Para_UU>5eb4786d-9d05-4b70-9cc4-343b2831a3ba</AD_Process_Para_UU>
                <IsEncrypted>N</IsEncrypted>
                <MandatoryLogic/>
                <Placeholder/>
                <Placeholder2/>
                <IsAutocomplete>N</IsAutocomplete>
                <AD_Process_Para_Trl type="translation">
                    <Description>Grupo Empresarial para esta instalación</Description>
                    <Help>Grupo Empresarial. No se pueden compartir datos entre diferentes grupos empresariales.</Help>
                    <Name>Grupo Empresarial</Name>
                    <Placeholder/>
                    <Placeholder2/>
                    <AD_Language>es_CO</AD_Language>
                    <IsActive>Y</IsActive>
                    <IsTranslated>Y</IsTranslated>
                </AD_Process_Para_Trl>
            </AD_Process_Para>
            <AD_Reference type="table">
                <AD_Reference_ID>113</AD_Reference_ID>
                <AD_Client_ID>0</AD_Client_ID>
                <AD_Org_ID>0</AD_Org_ID>
                <AD_Reference_ID>113</AD_Reference_ID>
                <Name>AD_Org Parent</Name>
                <Description>Organization Parent selection</Description>
                <Help/>
                <ValidationType>T</ValidationType>
                <AD_Org_ID reference="id">0</AD_Org_ID>
                <IsActive>Y</IsActive>
                <VFormat/>
                <EntityType>D</EntityType>
                <IsOrderByValue>N</IsOrderByValue>
                <AD_Reference_UU>679abe7b-76e5-49dc-995c-90e13ca81eb7</AD_Reference_UU>
                <AD_Element_ID reference="id"/>
                <AD_Reference_Trl type="translation">
                    <Description>Selección de organización padre</Description>
                    <Help/>
                    <Name>AD_Org Parent</Name>
                    <AD_Language>es_CO</AD_Language>
                    <IsActive>Y</IsActive>
                    <IsTranslated>Y</IsTranslated>
                </AD_Reference_Trl>
                <AD_Ref_Table type="table">
                    <AD_Reference_ID>113</AD_Reference_ID>
                    <AD_Client_ID>0</AD_Client_ID>
                    <AD_Org_ID>0</AD_Org_ID>
                    <AD_Reference_ID reference="id">113</AD_Reference_ID>
                    <AD_Table_ID reference="id">155</AD_Table_ID>
                    <WhereClause>AD_Org.IsSummary='Y'</WhereClause>
                    <OrderByClause>AD_Org.Name</OrderByClause>
                    <AD_Org_ID reference="id">0</AD_Org_ID>
                    <IsActive>Y</IsActive>
                    <IsValueDisplayed>N</IsValueDisplayed>
                    <EntityType>D</EntityType>
                    <AD_Window_ID reference="id"/>
                    <AD_Ref_Table_UU>a3890628-b0e6-4211-aba0-e39ef0fa76e2</AD_Ref_Table_UU>
                    <AD_InfoWindow_ID reference="id"/>
                    <AD_Display reference="id">522</AD_Display>
                    <AD_Key reference="id">528</AD_Key>
                </AD_Ref_Table>
            </AD_Reference>
            <AD_Val_Rule type="table">
                <AD_Val_Rule_ID>202</AD_Val_Rule_ID>
                <AD_Client_ID>0</AD_Client_ID>
                <AD_Org_ID>0</AD_Org_ID>
                <AD_Val_Rule_ID>202</AD_Val_Rule_ID>
                <Name>AD_Org of Client (excl 0)</Name>
                <Description>All not 0</Description>
                <Type>S</Type>
                <Code>AD_Org.AD_Client_ID=@AD_Client_ID@ AND AD_Org.AD_Org_ID&lt;&gt;0</Code>
                <AD_Org_ID reference="id">0</AD_Org_ID>
                <IsActive>Y</IsActive>
                <EntityType>D</EntityType>
                <AD_Val_Rule_UU>b712f727-c94a-48d3-874e-e555522d9ecd</AD_Val_Rule_UU>
            </AD_Val_Rule>
            <AD_Element type="table">
                <AD_Element_ID>113</AD_Element_ID>
                <AD_Client_ID>0</AD_Client_ID>
                <AD_Org_ID>0</AD_Org_ID>
                <AD_Element_ID>113</AD_Element_ID>
                <AD_Org_ID reference="id">0</AD_Org_ID>
                <IsActive>Y</IsActive>
                <ColumnName>AD_Org_ID</ColumnName>
                <Name>Organization</Name>
                <Description>Organizational entity within client</Description>
                <Help>An organization is a unit of your client or legal entity - examples are store, department. You can share data between organizations.</Help>
                <PrintName>Organization</PrintName>
                <PO_Description/>
                <PO_Help/>
                <PO_Name/>
                <PO_PrintName/>
                <EntityType>D</EntityType>
                <AD_Element_UU>d8103f72-3282-4298-9ed4-360b12abc9d2</AD_Element_UU>
                <Placeholder/>
                <AD_Element_Trl type="translation">
                    <Description>Entidad organizacional dentro del grupo empresarial</Description>
                    <Help>Una organización es una unidad del grupo empresarial o entidad legal - Ej. Tiendas y departamentos. Es posible compartir datos entre organizaciones.</Help>
                    <Name>Organización</Name>
                    <Placeholder/>
                    <PO_Description/>
                    <PO_Help/>
                    <PO_Name/>
                    <PO_PrintName/>
                    <PrintName>Organización</PrintName>
                    <AD_Language>es_CO</AD_Language>
                    <IsActive>Y</IsActive>
                    <IsTranslated>Y</IsTranslated>
                </AD_Element_Trl>
            </AD_Element>
            <AD_Process_Para type="table">
                <AD_Client_ID>0</AD_Client_ID>
                <AD_Org_ID>0</AD_Org_ID>
                <AD_Org_ID reference="id">0</AD_Org_ID>
                <IsActive>Y</IsActive>
                <Name>Organization</Name>
                <Description>Organizational entity within client</Description>
                <Help>An organization is a unit of your client or legal entity - examples are store, department. You can share data between organizations.</Help>
                <AD_Process_ID reference="uuid" reference-key="AD_Process">4ab21988-93a7-416b-8241-418ee464ea22</AD_Process_ID>
                <SeqNo>20</SeqNo>
                <AD_Reference_ID reference="id">19</AD_Reference_ID>
                <AD_Reference_Value_ID reference="id">113</AD_Reference_Value_ID>
                <IsRange>N</IsRange>
                <AD_Val_Rule_ID reference="id">202</AD_Val_Rule_ID>
                <FieldLength>0</FieldLength>
                <IsMandatory>N</IsMandatory>
                <DefaultValue/>
                <VFormat/>
                <ValueMin/>
                <ValueMax/>
                <ColumnName>AD_Org_ID</ColumnName>
                <DefaultValue2/>
                <IsCentrallyMaintained>Y</IsCentrallyMaintained>
                <EntityType>ITS</EntityType>
                <AD_Element_ID reference="id">113</AD_Element_ID>
                <ReadOnlyLogic/>
                <DisplayLogic/>
                <AD_Process_Para_UU>9c475d39-8940-4de8-8274-837598855a9b</AD_Process_Para_UU>
                <IsEncrypted>N</IsEncrypted>
                <MandatoryLogic/>
                <Placeholder/>
                <Placeholder2/>
                <IsAutocomplete>N</IsAutocomplete>
                <AD_Process_Para_Trl type="translation">
                    <Description>Entidad organizacional dentro del grupo empresarial</Description>
                    <Help>Una organización es una unidad del grupo empresarial o entidad legal - Ej. Tiendas y departamentos. Es posible compartir datos entre organizaciones.</Help>
                    <Name>Organización</Name>
                    <Placeholder/>
                    <Placeholder2/>
                    <AD_Language>es_CO</AD_Language>
                    <IsActive>Y</IsActive>
                    <IsTranslated>Y</IsTranslated>
                </AD_Process_Para_Trl>
            </AD_Process_Para>
            <AD_Reference type="table">
                <AD_Reference_ID>15</AD_Reference_ID>
                <AD_Client_ID>0</AD_Client_ID>
                <AD_Org_ID>0</AD_Org_ID>
                <AD_Reference_ID>15</AD_Reference_ID>
                <Name>Date</Name>
                <Description>Date mm/dd/yyyy</Description>
                <Help/>
                <ValidationType>D</ValidationType>
                <AD_Org_ID reference="id">0</AD_Org_ID>
                <IsActive>Y</IsActive>
                <VFormat/>
                <EntityType>D</EntityType>
                <IsOrderByValue>N</IsOrderByValue>
                <AD_Reference_UU>fea92a20-5ea7-445c-b010-101d74f5e124</AD_Reference_UU>
                <AD_Element_ID reference="id"/>
                <AD_Reference_Trl type="translation">
                    <Description>Fecha mm/dd/aaaa</Description>
                    <Help/>
                    <Name>Fecha</Name>
                    <AD_Language>es_CO</AD_Language>
                    <IsActive>Y</IsActive>
                    <IsTranslated>Y</IsTranslated>
                </AD_Reference_Trl>
            </AD_Reference>
            <AD_Element type="table">
                <AD_Element_ID>263</AD_Element_ID>
                <AD_Client_ID>0</AD_Client_ID>
                <AD_Org_ID>0</AD_Org_ID>
                <AD_Element_ID>263</AD_Element_ID>
                <AD_Org_ID reference="id">0</AD_Org_ID>
                <IsActive>Y</IsActive>
                <ColumnName>DateAcct</ColumnName>
                <Name>Account Date</Name>
                <Description>Accounting Date</Description>
                <Help>The Accounting Date indicates the date to be used on the General Ledger account entries generated from this document. It is also used for any currency conversion.</Help>
                <PrintName>Acct Date</PrintName>
                <PO_Description/>
                <PO_Help/>
                <PO_Name/>
                <PO_PrintName/>
                <EntityType>D</EntityType>
                <AD_Element_UU>8c371fdb-6541-467a-8506-d0d9fffe8b0a</AD_Element_UU>
                <Placeholder/>
                <AD_Element_Trl type="translation">
                    <Description>Fecha contable</Description>
                    <Help>La fecha contable indica la fecha a ser usada en las cuentas de contabilidad general generadas desde este documento</Help>
                    <Name>Fecha Contable</Name>
                    <Placeholder/>
                    <PO_Description/>
                    <PO_Help/>
                    <PO_Name/>
                    <PO_PrintName/>
                    <PrintName>Fecha Contable</PrintName>
                    <AD_Language>es_CO</AD_Language>
                    <IsActive>Y</IsActive>
                    <IsTranslated>Y</IsTranslated>
                </AD_Element_Trl>
            </AD_Element>
            <AD_Process_Para type="table">
                <AD_Client_ID>0</AD_Client_ID>
                <AD_Org_ID>0</AD_Org_ID>
                <AD_Org_ID reference="id">0</AD_Org_ID>
                <IsActive>Y</IsActive>
                <Name>Account Date</Name>
                <Description>Accounting Date</Description>
                <Help>The Accounting Date indicates the date to be used on the General Ledger account entries generated from this document. It is also used for any currency conversion.</Help>
                <AD_Process_ID reference="uuid" reference-key="AD_Process">4ab21988-93a7-416b-8241-418ee464ea22</AD_Process_ID>
                <SeqNo>30</SeqNo>
                <AD_Reference_ID reference="id">15</AD_Reference_ID>
                <AD_Reference_Value_ID reference="id"/>
                <IsRange>Y</IsRange>
                <AD_Val_Rule_ID reference="id"/>
                <FieldLength>0</FieldLength>
                <IsMandatory>Y</IsMandatory>
                <DefaultValue/>
                <VFormat/>
                <ValueMin/>
                <ValueMax/>
                <ColumnName>DateAcct</ColumnName>
                <DefaultValue2/>
                <IsCentrallyMaintained>Y</IsCentrallyMaintained>
                <EntityType>ITS</EntityType>
                <AD_Element_ID reference="id">263</AD_Element_ID>
                <ReadOnlyLogic/>
                <DisplayLogic/>
                <AD_Process_Para_UU>79a3286f-974e-4f61-b41d-a35e67316222</AD_Process_Para_UU>
                <IsEncrypted>N</IsEncrypted>
                <MandatoryLogic/>
                <Placeholder/>
                <Placeholder2/>
                <IsAutocomplete>N</IsAutocomplete>
                <AD_Process_Para_Trl type="translation">
                    <Description>Fecha contable</Description>
                    <Help>La fecha contable indica la fecha a ser usada en las cuentas de contabilidad general generadas desde este documento</Help>
                    <Name>Fecha Contable</Name>
                    <Placeholder/>
                    <Placeholder2/>
                    <AD_Language>es_CO</AD_Language>
                    <IsActive>Y</IsActive>
                    <IsTranslated>Y</IsTranslated>
                </AD_Process_Para_Trl>
            </AD_Process_Para>
            <AD_Reference type="table">
                <AD_Reference_ID>30</AD_Reference_ID>
                <AD_Client_ID>0</AD_Client_ID>
                <AD_Org_ID>0</AD_Org_ID>
                <AD_Reference_ID>30</AD_Reference_ID>
                <Name>Search</Name>
                <Description>Search Field</Description>
                <Help/>
                <ValidationType>D</ValidationType>
                <AD_Org_ID reference="id">0</AD_Org_ID>
                <IsActive>Y</IsActive>
                <VFormat/>
                <EntityType>D</EntityType>
                <IsOrderByValue>N</IsOrderByValue>
                <AD_Reference_UU>199e084e-6ad2-4bcd-8f5e-fdd08f4c0748</AD_Reference_UU>
                <AD_Element_ID reference="id"/>
                <AD_Reference_Trl type="translation">
                    <Description>Campo de Búsqueda</Description>
                    <Help/>
                    <Name>Búsqueda</Name>
                    <AD_Language>es_CO</AD_Language>
                    <IsActive>Y</IsActive>
                    <IsTranslated>Y</IsTranslated>
                </AD_Reference_Trl>
            </AD_Reference>
            <AD_Element type="table">
                <AD_Element_ID>187</AD_Element_ID>
                <AD_Client_ID>0</AD_Client_ID>
                <AD_Org_ID>0</AD_Org_ID>
                <AD_Element_ID>187</AD_Element_ID>
                <AD_Org_ID reference="id">0</AD_Org_ID>
                <IsActive>Y</IsActive>
                <ColumnName>C_BPartner_ID</ColumnName>
                <Name>Business Partner </Name>
                <Description>Identifies a Business Partner</Description>
                <Help>A Business Partner is anyone with whom you transact.  This can include Vendor, Customer, Employee or Salesperson</Help>
                <PrintName>Business Partner </PrintName>
                <PO_Description/>
                <PO_Help/>
                <PO_Name/>
                <PO_PrintName/>
                <EntityType>D</EntityType>
                <AD_Element_UU>5f73bc9f-04e0-448f-978d-f2d3e18f2ac3</AD_Element_UU>
                <Placeholder/>
                <AD_Element_Trl type="translation">
                    <Description>Identifica un Tercero</Description>
                    <Help>Un tercero es cualquiera con quien usted realiza transacciones. Este puede incluir Proveedores, Clientes, Empleados o Vendedores.</Help>
                    <Name>Tercero</Name>
                    <Placeholder/>
                    <PO_Description/>
                    <PO_Help/>
                    <PO_Name/>
                    <PO_PrintName/>
                    <PrintName>Tercero</PrintName>
                    <AD_Language>es_CO</AD_Language>
                    <IsActive>Y</IsActive>
                    <IsTranslated>Y</IsTranslated>
                </AD_Element_Trl>
            </AD_Element>
            <AD_Process_Para type="table">
                <AD_Client_ID>0</AD_Client_ID>
                <AD_Org_ID>0</AD_Org_ID>
                <AD_Org_ID reference="id">0</AD_Org_ID>
                <IsActive>Y</IsActive>
                <Name>Business Partner </Name>
                <Description>Identifies a Business Partner</Description>
                <Help>A Business Partner is anyone with whom you transact.  This can include Vendor, Customer, Employee or Salesperson</Help>
                <AD_Process_ID reference="uuid" reference-key="AD_Process">4ab21988-93a7-416b-8241-418ee464ea22</AD_Process_ID>
                <SeqNo>40</SeqNo>
                <AD_Reference_ID reference="id">30</AD_Reference_ID>
                <AD_Reference_Value_ID reference="id"/>
                <IsRange>N</IsRange>
                <AD_Val_Rule_ID reference="id"/>
                <FieldLength>0</FieldLength>
                <IsMandatory>N</IsMandatory>
                <DefaultValue/>
                <VFormat/>
                <ValueMin/>
                <ValueMax/>
                <ColumnName>C_BPartner_ID</ColumnName>
                <DefaultValue2/>
                <IsCentrallyMaintained>Y</IsCentrallyMaintained>
                <EntityType>ITS</EntityType>
                <AD_Element_ID reference="id">187</AD_Element_ID>
                <ReadOnlyLogic/>
                <DisplayLogic/>
                <AD_Process_Para_UU>ff62acfb-4136-4952-9b48-a1f82b473590</AD_Process_Para_UU>
                <IsEncrypted>N</IsEncrypted>
                <MandatoryLogic/>
                <Placeholder/>
                <Placeholder2/>
                <IsAutocomplete>N</IsAutocomplete>
                <AD_Process_Para_Trl type="translation">
                    <Description>Identifica un Tercero</Description>
                    <Help>Un tercero es cualquiera con quien usted realiza transacciones. Este puede incluir Proveedores, Clientes, Empleados o Vendedores.</Help>
                    <Name>Tercero</Name>
                    <Placeholder/>
                    <Placeholder2/>
                    <AD_Language>es_CO</AD_Language>
                    <IsActive>Y</IsActive>
                    <IsTranslated>Y</IsTranslated>
                </AD_Process_Para_Trl>
            </AD_Process_Para>
        </AD_Process>
    </AD_Menu>
</idempiere>
