<?xml version="1.0" encoding="UTF-8"?><?xml-stylesheet type="text/css" href="idempiereDocument.css"?><idempiereDocument>
    <header>Retenciones Package Description</header>
    <H1>Package Name:</H1>
    <packagename>Retenciones</packagename>
    <H1>Author:</H1>
    <Name:>mBarrios</Name:>
    <H1>Email Address:</H1>
    <Email/>
    <H1>Created:</H1>
    <Date>Thu Jul 09 11:53:50 VET 2020</Date>
    <H1>Updated:</H1>
    <Date>Thu Jul 09 11:53:50 VET 2020</Date>
    <H1>Description:</H1>
    <description/>
    <H1>Instructions:</H1>
    <instructions/>
    <H1>Files in Package:</H1>
    <file>File: PackOut.xml</file>
    <filedirectory>Directory: \dict\</filedirectory>
    <filenotes>Notes: Contains all application/object settings for package</filenotes>
    <H1>Client:</H1>
    <Client>1000000-COPOSA-CONSORCIO OLEAGINOSO PORTUGUESA, S.A.</Client>
</idempiereDocument>
