<?xml version="1.0" encoding="UTF-8"?><idempiere Name="2Pack_6.2.9_TaxDeclare" Version="1.0.5" idempiereVersion="" DataBaseVersion="" Description="" Author="" AuthorEmail="" CreatedDate="2023-04-05 16:01:04.146" UpdatedDate="2023-04-05 16:01:04.146" PackOutVersion="100" UpdateDictionary="true" Client="0-SYSTEM-System" AD_Client_UU="11237b53-9592-4af1-b3c5-afd216514b5d">
    <AD_Menu type="table">
        <Parent_ID reference="uuid" reference-key="AD_Menu">15b4307e-555b-4e93-a48f-7132edfd324c</Parent_ID>
        <SeqNo>11</SeqNo>
        <AD_Client_ID>0</AD_Client_ID>
        <AD_Org_ID>0</AD_Org_ID>
        <Name>Generate Tax Declare</Name>
        <Description/>
        <Action>P</Action>
        <AD_Window_ID reference="id"/>
        <AD_Workflow_ID reference="id"/>
        <AD_Task_ID reference="id"/>
        <AD_Org_ID reference="id">0</AD_Org_ID>
        <IsActive>Y</IsActive>
        <IsSummary>N</IsSummary>
        <AD_Process_ID reference="uuid" reference-key="AD_Process">aacd5fbb-642e-4319-a89f-20541d72d01d</AD_Process_ID>
        <IsSOTrx>N</IsSOTrx>
        <AD_Form_ID reference="id"/>
        <IsReadOnly>N</IsReadOnly>
        <EntityType>ITS</EntityType>
        <IsCentrallyMaintained>Y</IsCentrallyMaintained>
        <AD_Menu_UU>c7e0c42c-0849-4b1b-abd5-e6e0c684eac4</AD_Menu_UU>
        <AD_InfoWindow_ID reference="id"/>
        <PredefinedContextVariables/>
        <AD_Menu_Trl type="translation">
            <Description/>
            <Name>Generar Declaración de Impuestos</Name>
            <AD_Language>es_CO</AD_Language>
            <IsActive>Y</IsActive>
            <IsTranslated>N</IsTranslated>
        </AD_Menu_Trl>
        <AD_Process type="table">
            <AD_Client_ID>0</AD_Client_ID>
            <AD_Org_ID>0</AD_Org_ID>
            <AD_Org_ID reference="id">0</AD_Org_ID>
            <IsActive>Y</IsActive>
            <Name>Generate Tax Declare</Name>
            <Description/>
            <Help/>
            <ProcedureName/>
            <IsReport>N</IsReport>
            <Value>ITS_GenerateTaxDeclare</Value>
            <IsDirectPrint>N</IsDirectPrint>
            <AD_ReportView_ID reference="id"/>
            <Classname>dev.itechsolutions.process.GenerateTaxDeclare</Classname>
            <AccessLevel>3</AccessLevel>
            <EntityType>ITS</EntityType>
            <Statistic_Count>14</Statistic_Count>
            <Statistic_Seconds>403</Statistic_Seconds>
            <AD_PrintFormat_ID reference="id"/>
            <WorkflowValue/>
            <AD_Workflow_ID reference="id"/>
            <IsBetaFunctionality>N</IsBetaFunctionality>
            <ShowHelp>Y</ShowHelp>
            <JasperReport/>
            <AD_Form_ID reference="id"/>
            <CopyFromProcess>N</CopyFromProcess>
            <AD_Process_UU>aacd5fbb-642e-4319-a89f-20541d72d01d</AD_Process_UU>
            <AD_CtxHelp_ID reference="id"/>
            <ExecutionType/>
            <AllowMultipleExecution>P</AllowMultipleExecution>
            <FileNamePattern/>
            <AD_Process_Trl type="translation">
                <Description/>
                <Help/>
                <Name>Generar Declaración de Impuestos</Name>
                <AD_Language>es_CO</AD_Language>
                <IsActive>Y</IsActive>
                <IsTranslated>N</IsTranslated>
            </AD_Process_Trl>
            <AD_Reference type="table">
                <AD_Reference_ID>19</AD_Reference_ID>
                <AD_Client_ID>0</AD_Client_ID>
                <AD_Org_ID>0</AD_Org_ID>
                <AD_Reference_ID>19</AD_Reference_ID>
                <Name>Table Direct</Name>
                <Description>Direct Table Access</Description>
                <Help/>
                <ValidationType>D</ValidationType>
                <AD_Org_ID reference="id">0</AD_Org_ID>
                <IsActive>Y</IsActive>
                <VFormat/>
                <EntityType>D</EntityType>
                <IsOrderByValue>N</IsOrderByValue>
                <AD_Reference_UU>85767149-7019-4224-a8d0-41f0d9d77d47</AD_Reference_UU>
                <AD_Element_ID reference="id"/>
                <ShowInactive>N</ShowInactive>
                <AD_Reference_Trl type="translation">
                    <Description>Acceso directo de tabla</Description>
                    <Help/>
                    <Name>Tabla Directa</Name>
                    <AD_Language>es_CO</AD_Language>
                    <IsActive>Y</IsActive>
                    <IsTranslated>Y</IsTranslated>
                </AD_Reference_Trl>
            </AD_Reference>
            <AD_Val_Rule type="table">
                <AD_Client_ID>0</AD_Client_ID>
                <AD_Org_ID>0</AD_Org_ID>
                <Name>AD_Org of Client not parent (excl 0)</Name>
                <Description/>
                <Type>S</Type>
                <Code>(AD_Org.AD_Client_ID=@AD_Client_ID@ AND AD_Org.IsSummary='N') AND AD_Org_ID != 0</Code>
                <AD_Org_ID reference="id">0</AD_Org_ID>
                <IsActive>Y</IsActive>
                <EntityType>ITS</EntityType>
                <AD_Val_Rule_UU>0977467c-c4bc-4fca-b40d-22ef0935aa45</AD_Val_Rule_UU>
            </AD_Val_Rule>
            <AD_Element type="table">
                <AD_Element_ID>113</AD_Element_ID>
                <AD_Client_ID>0</AD_Client_ID>
                <AD_Org_ID>0</AD_Org_ID>
                <AD_Element_ID>113</AD_Element_ID>
                <AD_Org_ID reference="id">0</AD_Org_ID>
                <IsActive>Y</IsActive>
                <ColumnName>AD_Org_ID</ColumnName>
                <Name>Organization</Name>
                <Description>Organizational entity within tenant</Description>
                <Help>An organization is a unit of your tenant or legal entity - examples are store, department. You can share data between organizations.</Help>
                <PrintName>Organization</PrintName>
                <PO_Description/>
                <PO_Help/>
                <PO_Name/>
                <PO_PrintName/>
                <EntityType>D</EntityType>
                <AD_Element_UU>d8103f72-3282-4298-9ed4-360b12abc9d2</AD_Element_UU>
                <Placeholder/>
                <AD_Element_Trl type="translation">
                    <Description>Entidad organizacional dentro del grupo empresarial</Description>
                    <Help>Una organización es una unidad del grupo empresarial o entidad legal - Ej. Tiendas y departamentos. Es posible compartir datos entre organizaciones.</Help>
                    <Name>Organización</Name>
                    <Placeholder/>
                    <PO_Description/>
                    <PO_Help/>
                    <PO_Name/>
                    <PO_PrintName/>
                    <PrintName>Organización</PrintName>
                    <AD_Language>es_CO</AD_Language>
                    <IsActive>Y</IsActive>
                    <IsTranslated>Y</IsTranslated>
                </AD_Element_Trl>
            </AD_Element>
            <AD_Process_Para type="table">
                <AD_Client_ID>0</AD_Client_ID>
                <AD_Org_ID>0</AD_Org_ID>
                <AD_Org_ID reference="id">0</AD_Org_ID>
                <IsActive>Y</IsActive>
                <Name>Organization</Name>
                <Description>Organizational entity within tenant</Description>
                <Help>An organization is a unit of your tenant or legal entity - examples are store, department. You can share data between organizations.</Help>
                <AD_Process_ID reference="uuid" reference-key="AD_Process">aacd5fbb-642e-4319-a89f-20541d72d01d</AD_Process_ID>
                <SeqNo>10</SeqNo>
                <AD_Reference_ID reference="id">19</AD_Reference_ID>
                <AD_Reference_Value_ID reference="id"/>
                <IsRange>N</IsRange>
                <AD_Val_Rule_ID reference="uuid" reference-key="AD_Val_Rule">0977467c-c4bc-4fca-b40d-22ef0935aa45</AD_Val_Rule_ID>
                <FieldLength>0</FieldLength>
                <IsMandatory>Y</IsMandatory>
                <DefaultValue/>
                <VFormat/>
                <ValueMin/>
                <ValueMax/>
                <ColumnName>AD_Org_ID</ColumnName>
                <DefaultValue2/>
                <IsCentrallyMaintained>Y</IsCentrallyMaintained>
                <EntityType>ITS</EntityType>
                <AD_Element_ID reference="id">113</AD_Element_ID>
                <ReadOnlyLogic/>
                <DisplayLogic/>
                <AD_Process_Para_UU>5fd2575c-da87-446d-bd70-360022332cea</AD_Process_Para_UU>
                <IsEncrypted>N</IsEncrypted>
                <MandatoryLogic/>
                <Query/>
                <AD_FieldGroup_ID reference="id"/>
                <Placeholder/>
                <Placeholder2/>
                <IsAutocomplete>N</IsAutocomplete>
                <DateRangeOption>D</DateRangeOption>
                <IsShowNegateButton>N</IsShowNegateButton>
                <AD_Process_Para_Trl type="translation">
                    <Description>Entidad organizacional dentro del grupo empresarial</Description>
                    <Help>Una organización es una unidad del grupo empresarial o entidad legal - Ej. Tiendas y departamentos. Es posible compartir datos entre organizaciones.</Help>
                    <Name>Organización</Name>
                    <Placeholder/>
                    <Placeholder2/>
                    <AD_Language>es_CO</AD_Language>
                    <IsActive>Y</IsActive>
                    <IsTranslated>Y</IsTranslated>
                </AD_Process_Para_Trl>
            </AD_Process_Para>
            <AD_Val_Rule type="table">
                <AD_Client_ID>0</AD_Client_ID>
                <AD_Org_ID>0</AD_Org_ID>
                <Name>Only PO WithholdingType</Name>
                <Description/>
                <Type>S</Type>
                <Code>LCO_WithholdingType_ID IN (SELECT LCO_WithholdingType_ID FROM LCO_WithholdingType WHERE IsSOTrx = 'N')</Code>
                <AD_Org_ID reference="id">0</AD_Org_ID>
                <IsActive>Y</IsActive>
                <EntityType>ITS</EntityType>
                <AD_Val_Rule_UU>7758ae48-b1ed-4dcf-bbc3-8ad3bae5c11e</AD_Val_Rule_UU>
            </AD_Val_Rule>
            <AD_Element type="table">
                <AD_Client_ID>0</AD_Client_ID>
                <AD_Org_ID>0</AD_Org_ID>
                <AD_Org_ID reference="id">0</AD_Org_ID>
                <IsActive>Y</IsActive>
                <ColumnName>LCO_WithholdingType_ID</ColumnName>
                <Name>Withholding Type</Name>
                <Description/>
                <Help/>
                <PrintName>Withholding Type</PrintName>
                <PO_Description/>
                <PO_Help/>
                <PO_Name/>
                <PO_PrintName/>
                <EntityType>QSS_LCO</EntityType>
                <AD_Element_UU>a5bcdc79-6e3e-470a-9e9c-2947e64ca9f2</AD_Element_UU>
                <Placeholder/>
                <AD_Element_Trl type="translation">
                    <Description/>
                    <Help/>
                    <Name>Tipo Retención</Name>
                    <Placeholder/>
                    <PO_Description/>
                    <PO_Help/>
                    <PO_Name/>
                    <PO_PrintName/>
                    <PrintName>Tipo Retención</PrintName>
                    <AD_Language>es_CO</AD_Language>
                    <IsActive>Y</IsActive>
                    <IsTranslated>Y</IsTranslated>
                </AD_Element_Trl>
            </AD_Element>
            <AD_Process_Para type="table">
                <AD_Client_ID>0</AD_Client_ID>
                <AD_Org_ID>0</AD_Org_ID>
                <AD_Org_ID reference="id">0</AD_Org_ID>
                <IsActive>Y</IsActive>
                <Name>Withholding Type</Name>
                <Description/>
                <Help/>
                <AD_Process_ID reference="uuid" reference-key="AD_Process">aacd5fbb-642e-4319-a89f-20541d72d01d</AD_Process_ID>
                <SeqNo>20</SeqNo>
                <AD_Reference_ID reference="id">19</AD_Reference_ID>
                <AD_Reference_Value_ID reference="id"/>
                <IsRange>N</IsRange>
                <AD_Val_Rule_ID reference="uuid" reference-key="AD_Val_Rule">7758ae48-b1ed-4dcf-bbc3-8ad3bae5c11e</AD_Val_Rule_ID>
                <FieldLength>10</FieldLength>
                <IsMandatory>Y</IsMandatory>
                <DefaultValue/>
                <VFormat/>
                <ValueMin/>
                <ValueMax/>
                <ColumnName>LCO_WithholdingType_ID</ColumnName>
                <DefaultValue2/>
                <IsCentrallyMaintained>Y</IsCentrallyMaintained>
                <EntityType>ITS</EntityType>
                <AD_Element_ID reference="uuid" reference-key="AD_Element">a5bcdc79-6e3e-470a-9e9c-2947e64ca9f2</AD_Element_ID>
                <ReadOnlyLogic/>
                <DisplayLogic/>
                <AD_Process_Para_UU>12a397e0-84ac-402a-8383-ecd8f745d2c3</AD_Process_Para_UU>
                <IsEncrypted>N</IsEncrypted>
                <MandatoryLogic/>
                <Query/>
                <AD_FieldGroup_ID reference="id"/>
                <Placeholder/>
                <Placeholder2/>
                <IsAutocomplete>N</IsAutocomplete>
                <DateRangeOption>D</DateRangeOption>
                <IsShowNegateButton>N</IsShowNegateButton>
                <AD_Process_Para_Trl type="translation">
                    <Description/>
                    <Help/>
                    <Name>Tipo Retención</Name>
                    <Placeholder/>
                    <Placeholder2/>
                    <AD_Language>es_CO</AD_Language>
                    <IsActive>Y</IsActive>
                    <IsTranslated>Y</IsTranslated>
                </AD_Process_Para_Trl>
            </AD_Process_Para>
            <AD_Reference type="table">
                <AD_Reference_ID>15</AD_Reference_ID>
                <AD_Client_ID>0</AD_Client_ID>
                <AD_Org_ID>0</AD_Org_ID>
                <AD_Reference_ID>15</AD_Reference_ID>
                <Name>Date</Name>
                <Description>Date mm/dd/yyyy</Description>
                <Help/>
                <ValidationType>D</ValidationType>
                <AD_Org_ID reference="id">0</AD_Org_ID>
                <IsActive>Y</IsActive>
                <VFormat/>
                <EntityType>D</EntityType>
                <IsOrderByValue>N</IsOrderByValue>
                <AD_Reference_UU>fea92a20-5ea7-445c-b010-101d74f5e124</AD_Reference_UU>
                <AD_Element_ID reference="id"/>
                <ShowInactive>N</ShowInactive>
                <AD_Reference_Trl type="translation">
                    <Description>Fecha mm/dd/aaaa</Description>
                    <Help/>
                    <Name>Fecha</Name>
                    <AD_Language>es_CO</AD_Language>
                    <IsActive>Y</IsActive>
                    <IsTranslated>Y</IsTranslated>
                </AD_Reference_Trl>
            </AD_Reference>
            <AD_Element type="table">
                <AD_Element_ID>265</AD_Element_ID>
                <AD_Client_ID>0</AD_Client_ID>
                <AD_Org_ID>0</AD_Org_ID>
                <AD_Element_ID>265</AD_Element_ID>
                <AD_Org_ID reference="id">0</AD_Org_ID>
                <IsActive>Y</IsActive>
                <ColumnName>DateDoc</ColumnName>
                <Name>Document Date</Name>
                <Description>Date of the Document</Description>
                <Help>The Document Date indicates the date the document was generated.  It may or may not be the same as the accounting date.</Help>
                <PrintName>Doc date</PrintName>
                <PO_Description/>
                <PO_Help/>
                <PO_Name/>
                <PO_PrintName/>
                <EntityType>D</EntityType>
                <AD_Element_UU>7bce363a-524d-427e-8ea1-6cf54fe2524c</AD_Element_UU>
                <Placeholder/>
                <AD_Element_Trl type="translation">
                    <Description>Fecha del documento</Description>
                    <Help>La fecha del documento indica la fecha en que el documento fue generado. Puede o no ser la misma que la fecha contable.</Help>
                    <Name>Fecha Documento</Name>
                    <Placeholder/>
                    <PO_Description/>
                    <PO_Help/>
                    <PO_Name/>
                    <PO_PrintName/>
                    <PrintName>Fecha Documento</PrintName>
                    <AD_Language>es_CO</AD_Language>
                    <IsActive>Y</IsActive>
                    <IsTranslated>Y</IsTranslated>
                </AD_Element_Trl>
            </AD_Element>
            <AD_Process_Para type="table">
                <AD_Client_ID>0</AD_Client_ID>
                <AD_Org_ID>0</AD_Org_ID>
                <AD_Org_ID reference="id">0</AD_Org_ID>
                <IsActive>Y</IsActive>
                <Name>Document Date</Name>
                <Description>Date of the Document</Description>
                <Help>The Document Date indicates the date the document was generated.  It may or may not be the same as the accounting date.</Help>
                <AD_Process_ID reference="uuid" reference-key="AD_Process">aacd5fbb-642e-4319-a89f-20541d72d01d</AD_Process_ID>
                <SeqNo>30</SeqNo>
                <AD_Reference_ID reference="id">15</AD_Reference_ID>
                <AD_Reference_Value_ID reference="id"/>
                <IsRange>N</IsRange>
                <AD_Val_Rule_ID reference="id"/>
                <FieldLength>0</FieldLength>
                <IsMandatory>Y</IsMandatory>
                <DefaultValue/>
                <VFormat/>
                <ValueMin/>
                <ValueMax/>
                <ColumnName>DateDoc</ColumnName>
                <DefaultValue2/>
                <IsCentrallyMaintained>Y</IsCentrallyMaintained>
                <EntityType>ITS</EntityType>
                <AD_Element_ID reference="id">265</AD_Element_ID>
                <ReadOnlyLogic/>
                <DisplayLogic/>
                <AD_Process_Para_UU>fe834bc6-d42b-4a0b-8075-c6e4daf497d6</AD_Process_Para_UU>
                <IsEncrypted>N</IsEncrypted>
                <MandatoryLogic/>
                <Query/>
                <AD_FieldGroup_ID reference="id"/>
                <Placeholder/>
                <Placeholder2/>
                <IsAutocomplete>N</IsAutocomplete>
                <DateRangeOption>D</DateRangeOption>
                <IsShowNegateButton>N</IsShowNegateButton>
                <AD_Process_Para_Trl type="translation">
                    <Description>Fecha del documento</Description>
                    <Help>La fecha del documento indica la fecha en que el documento fue generado. Puede o no ser la misma que la fecha contable.</Help>
                    <Name>Fecha Documento</Name>
                    <Placeholder/>
                    <Placeholder2/>
                    <AD_Language>es_CO</AD_Language>
                    <IsActive>Y</IsActive>
                    <IsTranslated>Y</IsTranslated>
                </AD_Process_Para_Trl>
            </AD_Process_Para>
            <AD_Element type="table">
                <AD_Element_ID>1581</AD_Element_ID>
                <AD_Client_ID>0</AD_Client_ID>
                <AD_Org_ID>0</AD_Org_ID>
                <AD_Element_ID>1581</AD_Element_ID>
                <AD_Org_ID reference="id">0</AD_Org_ID>
                <IsActive>Y</IsActive>
                <ColumnName>DateFrom</ColumnName>
                <Name>Date From</Name>
                <Description>Starting date for a range</Description>
                <Help>The Date From indicates the starting date of a range.</Help>
                <PrintName>Date From</PrintName>
                <PO_Description/>
                <PO_Help/>
                <PO_Name/>
                <PO_PrintName/>
                <EntityType>D</EntityType>
                <AD_Element_UU>3dcb9728-0a7c-4700-bbce-ffef94ea6b96</AD_Element_UU>
                <Placeholder/>
                <AD_Element_Trl type="translation">
                    <Description>Fecha de inicio para un rango</Description>
                    <Help>La Fecha desde indica la fecha inicial de un rango</Help>
                    <Name>Desde Fecha</Name>
                    <Placeholder/>
                    <PO_Description/>
                    <PO_Help/>
                    <PO_Name/>
                    <PO_PrintName/>
                    <PrintName>Desde Fecha</PrintName>
                    <AD_Language>es_CO</AD_Language>
                    <IsActive>Y</IsActive>
                    <IsTranslated>Y</IsTranslated>
                </AD_Element_Trl>
            </AD_Element>
            <AD_Process_Para type="table">
                <AD_Client_ID>0</AD_Client_ID>
                <AD_Org_ID>0</AD_Org_ID>
                <AD_Org_ID reference="id">0</AD_Org_ID>
                <IsActive>Y</IsActive>
                <Name>Date From</Name>
                <Description>Starting date for a range</Description>
                <Help>The Date From indicates the starting date of a range.</Help>
                <AD_Process_ID reference="uuid" reference-key="AD_Process">aacd5fbb-642e-4319-a89f-20541d72d01d</AD_Process_ID>
                <SeqNo>40</SeqNo>
                <AD_Reference_ID reference="id">15</AD_Reference_ID>
                <AD_Reference_Value_ID reference="id"/>
                <IsRange>Y</IsRange>
                <AD_Val_Rule_ID reference="id"/>
                <FieldLength>10</FieldLength>
                <IsMandatory>Y</IsMandatory>
                <DefaultValue>@DateDoc@</DefaultValue>
                <VFormat/>
                <ValueMin/>
                <ValueMax/>
                <ColumnName>DateFrom</ColumnName>
                <DefaultValue2/>
                <IsCentrallyMaintained>Y</IsCentrallyMaintained>
                <EntityType>ITS</EntityType>
                <AD_Element_ID reference="id">1581</AD_Element_ID>
                <ReadOnlyLogic/>
                <DisplayLogic/>
                <AD_Process_Para_UU>6d198281-34f9-4bab-8445-0d76bdf8d50e</AD_Process_Para_UU>
                <IsEncrypted>N</IsEncrypted>
                <MandatoryLogic/>
                <Query/>
                <AD_FieldGroup_ID reference="id"/>
                <Placeholder/>
                <Placeholder2/>
                <IsAutocomplete>N</IsAutocomplete>
                <DateRangeOption>D</DateRangeOption>
                <IsShowNegateButton>N</IsShowNegateButton>
                <AD_Process_Para_Trl type="translation">
                    <Description>Fecha de inicio para un rango</Description>
                    <Help>La Fecha desde indica la fecha inicial de un rango</Help>
                    <Name>Desde Fecha</Name>
                    <Placeholder/>
                    <Placeholder2>Hasta</Placeholder2>
                    <AD_Language>es_CO</AD_Language>
                    <IsActive>Y</IsActive>
                    <IsTranslated>Y</IsTranslated>
                </AD_Process_Para_Trl>
            </AD_Process_Para>
            <AD_Element type="table">
                <AD_Element_ID>193</AD_Element_ID>
                <AD_Client_ID>0</AD_Client_ID>
                <AD_Org_ID>0</AD_Org_ID>
                <AD_Element_ID>193</AD_Element_ID>
                <AD_Org_ID reference="id">0</AD_Org_ID>
                <IsActive>Y</IsActive>
                <ColumnName>C_Currency_ID</ColumnName>
                <Name>Currency</Name>
                <Description>The Currency for this record</Description>
                <Help>Indicates the Currency to be used when processing or reporting on this record</Help>
                <PrintName>Currency</PrintName>
                <PO_Description/>
                <PO_Help/>
                <PO_Name/>
                <PO_PrintName/>
                <EntityType>D</EntityType>
                <AD_Element_UU>93bc198b-7452-4bf6-bbd3-268acd9f7b7f</AD_Element_UU>
                <Placeholder/>
                <AD_Element_Trl type="translation">
                    <Description>Moneda para este registro</Description>
                    <Help>Indica la moneda a ser usada cuando se procese o Informe este registro</Help>
                    <Name>Moneda</Name>
                    <Placeholder/>
                    <PO_Description/>
                    <PO_Help/>
                    <PO_Name/>
                    <PO_PrintName/>
                    <PrintName>Moneda</PrintName>
                    <AD_Language>es_CO</AD_Language>
                    <IsActive>Y</IsActive>
                    <IsTranslated>Y</IsTranslated>
                </AD_Element_Trl>
            </AD_Element>
            <AD_Process_Para type="table">
                <AD_Client_ID>0</AD_Client_ID>
                <AD_Org_ID>0</AD_Org_ID>
                <AD_Org_ID reference="id">0</AD_Org_ID>
                <IsActive>Y</IsActive>
                <Name>Currency</Name>
                <Description>The Currency for this record</Description>
                <Help>Indicates the Currency to be used when processing or reporting on this record</Help>
                <AD_Process_ID reference="uuid" reference-key="AD_Process">aacd5fbb-642e-4319-a89f-20541d72d01d</AD_Process_ID>
                <SeqNo>50</SeqNo>
                <AD_Reference_ID reference="id">19</AD_Reference_ID>
                <AD_Reference_Value_ID reference="id"/>
                <IsRange>N</IsRange>
                <AD_Val_Rule_ID reference="id"/>
                <FieldLength>0</FieldLength>
                <IsMandatory>Y</IsMandatory>
                <DefaultValue/>
                <VFormat/>
                <ValueMin/>
                <ValueMax/>
                <ColumnName>C_Currency_ID</ColumnName>
                <DefaultValue2/>
                <IsCentrallyMaintained>Y</IsCentrallyMaintained>
                <EntityType>ITS</EntityType>
                <AD_Element_ID reference="id">193</AD_Element_ID>
                <ReadOnlyLogic/>
                <DisplayLogic/>
                <AD_Process_Para_UU>3b190516-3358-4801-897c-912c9aef5f9c</AD_Process_Para_UU>
                <IsEncrypted>N</IsEncrypted>
                <MandatoryLogic/>
                <Query/>
                <AD_FieldGroup_ID reference="id"/>
                <Placeholder/>
                <Placeholder2/>
                <IsAutocomplete>N</IsAutocomplete>
                <DateRangeOption>D</DateRangeOption>
                <IsShowNegateButton>N</IsShowNegateButton>
                <AD_Process_Para_Trl type="translation">
                    <Description>Moneda para este registro</Description>
                    <Help>Indica la moneda a ser usada cuando se procese o Informe este registro</Help>
                    <Name>Moneda</Name>
                    <Placeholder/>
                    <Placeholder2/>
                    <AD_Language>es_CO</AD_Language>
                    <IsActive>Y</IsActive>
                    <IsTranslated>Y</IsTranslated>
                </AD_Process_Para_Trl>
            </AD_Process_Para>
            <AD_Element type="table">
                <AD_Element_ID>2278</AD_Element_ID>
                <AD_Client_ID>0</AD_Client_ID>
                <AD_Org_ID>0</AD_Org_ID>
                <AD_Element_ID>2278</AD_Element_ID>
                <AD_Org_ID reference="id">0</AD_Org_ID>
                <IsActive>Y</IsActive>
                <ColumnName>C_ConversionType_ID</ColumnName>
                <Name>Currency Type</Name>
                <Description>Currency Conversion Rate Type</Description>
                <Help>The Currency Conversion Rate Type lets you define different type of rates, e.g. Spot, Corporate and/or Sell/Buy rates.</Help>
                <PrintName>Currency Type</PrintName>
                <PO_Description/>
                <PO_Help/>
                <PO_Name/>
                <PO_PrintName/>
                <EntityType>D</EntityType>
                <AD_Element_UU>72d153ce-a71f-4797-9702-b6762442af33</AD_Element_UU>
                <Placeholder/>
                <AD_Element_Trl type="translation">
                    <Description>Tipo de índice de conversión de moneda</Description>
                    <Help>El tipo del índice de conversión de monedas le deja definir diversos tipos de tarifas, tarifas ej. del punto, corporativas y/o de Ventas/Compras.</Help>
                    <Name>Tipo de Conversión</Name>
                    <Placeholder/>
                    <PO_Description/>
                    <PO_Help/>
                    <PO_Name/>
                    <PO_PrintName/>
                    <PrintName>Tipo de Conversión</PrintName>
                    <AD_Language>es_CO</AD_Language>
                    <IsActive>Y</IsActive>
                    <IsTranslated>Y</IsTranslated>
                </AD_Element_Trl>
            </AD_Element>
            <AD_Process_Para type="table">
                <AD_Client_ID>0</AD_Client_ID>
                <AD_Org_ID>0</AD_Org_ID>
                <AD_Org_ID reference="id">0</AD_Org_ID>
                <IsActive>Y</IsActive>
                <Name>Currency Type</Name>
                <Description>Currency Conversion Rate Type</Description>
                <Help>The Currency Conversion Rate Type lets you define different type of rates, e.g. Spot, Corporate and/or Sell/Buy rates.</Help>
                <AD_Process_ID reference="uuid" reference-key="AD_Process">aacd5fbb-642e-4319-a89f-20541d72d01d</AD_Process_ID>
                <SeqNo>60</SeqNo>
                <AD_Reference_ID reference="id">19</AD_Reference_ID>
                <AD_Reference_Value_ID reference="id"/>
                <IsRange>N</IsRange>
                <AD_Val_Rule_ID reference="id"/>
                <FieldLength>0</FieldLength>
                <IsMandatory>Y</IsMandatory>
                <DefaultValue/>
                <VFormat/>
                <ValueMin/>
                <ValueMax/>
                <ColumnName>C_ConversionType_ID</ColumnName>
                <DefaultValue2/>
                <IsCentrallyMaintained>Y</IsCentrallyMaintained>
                <EntityType>ITS</EntityType>
                <AD_Element_ID reference="id">2278</AD_Element_ID>
                <ReadOnlyLogic/>
                <DisplayLogic/>
                <AD_Process_Para_UU>bf23970e-7478-4074-bd1b-b123603783ff</AD_Process_Para_UU>
                <IsEncrypted>N</IsEncrypted>
                <MandatoryLogic/>
                <Query/>
                <AD_FieldGroup_ID reference="id"/>
                <Placeholder/>
                <Placeholder2/>
                <IsAutocomplete>N</IsAutocomplete>
                <DateRangeOption>D</DateRangeOption>
                <IsShowNegateButton>N</IsShowNegateButton>
                <AD_Process_Para_Trl type="translation">
                    <Description>Tipo de índice de conversión de moneda</Description>
                    <Help>El tipo del índice de conversión de monedas le deja definir diversos tipos de tarifas, tarifas ej. del punto, corporativas y/o de Ventas/Compras.</Help>
                    <Name>Tipo de Conversión</Name>
                    <Placeholder/>
                    <Placeholder2/>
                    <AD_Language>es_CO</AD_Language>
                    <IsActive>Y</IsActive>
                    <IsTranslated>Y</IsTranslated>
                </AD_Process_Para_Trl>
            </AD_Process_Para>
            <AD_Reference type="table">
                <AD_Reference_ID>17</AD_Reference_ID>
                <AD_Client_ID>0</AD_Client_ID>
                <AD_Org_ID>0</AD_Org_ID>
                <AD_Reference_ID>17</AD_Reference_ID>
                <Name>List</Name>
                <Description>Reference List</Description>
                <Help/>
                <ValidationType>D</ValidationType>
                <AD_Org_ID reference="id">0</AD_Org_ID>
                <IsActive>Y</IsActive>
                <VFormat/>
                <EntityType>D</EntityType>
                <IsOrderByValue>N</IsOrderByValue>
                <AD_Reference_UU>70bc89e7-5848-4ff5-a1f0-e1b1aed3796f</AD_Reference_UU>
                <AD_Element_ID reference="id"/>
                <ShowInactive>N</ShowInactive>
                <AD_Reference_Trl type="translation">
                    <Description>Lista de Referencia</Description>
                    <Help/>
                    <Name>Lista</Name>
                    <AD_Language>es_CO</AD_Language>
                    <IsActive>Y</IsActive>
                    <IsTranslated>Y</IsTranslated>
                </AD_Reference_Trl>
            </AD_Reference>
            <AD_Reference type="table">
                <AD_Reference_ID>135</AD_Reference_ID>
                <AD_Client_ID>0</AD_Client_ID>
                <AD_Org_ID>0</AD_Org_ID>
                <AD_Reference_ID>135</AD_Reference_ID>
                <Name>_Document Action</Name>
                <Description>Document action list</Description>
                <Help/>
                <ValidationType>L</ValidationType>
                <AD_Org_ID reference="id">0</AD_Org_ID>
                <IsActive>Y</IsActive>
                <VFormat>LL</VFormat>
                <EntityType>D</EntityType>
                <IsOrderByValue>N</IsOrderByValue>
                <AD_Reference_UU>79951e35-0d36-459f-b165-8108d297946b</AD_Reference_UU>
                <AD_Element_ID reference="id"/>
                <ShowInactive>N</ShowInactive>
                <AD_Reference_Trl type="translation">
                    <Description>Lista de acción en Documentos</Description>
                    <Help/>
                    <Name>_Document Action</Name>
                    <AD_Language>es_CO</AD_Language>
                    <IsActive>Y</IsActive>
                    <IsTranslated>Y</IsTranslated>
                </AD_Reference_Trl>
                <AD_Ref_List type="table">
                    <AD_Ref_List_ID>179</AD_Ref_List_ID>
                    <AD_Client_ID>0</AD_Client_ID>
                    <AD_Org_ID>0</AD_Org_ID>
                    <AD_Ref_List_ID>179</AD_Ref_List_ID>
                    <Name>Approve</Name>
                    <Description>Approve this transaction</Description>
                    <AD_Reference_ID reference="id">135</AD_Reference_ID>
                    <ValidFrom/>
                    <ValidTo/>
                    <Value>AP</Value>
                    <AD_Org_ID reference="id">0</AD_Org_ID>
                    <IsActive>Y</IsActive>
                    <EntityType>D</EntityType>
                    <AD_Ref_List_UU>f80665a4-0db1-4609-be56-5d69b762d169</AD_Ref_List_UU>
                    <AD_Ref_List_Trl type="translation">
                        <Description>Aprueba esta transacción</Description>
                        <Name>Aprobar</Name>
                        <AD_Language>es_CO</AD_Language>
                        <IsActive>Y</IsActive>
                        <IsTranslated>Y</IsTranslated>
                    </AD_Ref_List_Trl>
                </AD_Ref_List>
                <AD_Ref_List type="table">
                    <AD_Ref_List_ID>180</AD_Ref_List_ID>
                    <AD_Client_ID>0</AD_Client_ID>
                    <AD_Org_ID>0</AD_Org_ID>
                    <AD_Ref_List_ID>180</AD_Ref_List_ID>
                    <Name>Reject</Name>
                    <Description>Reject the approval of the document. </Description>
                    <AD_Reference_ID reference="id">135</AD_Reference_ID>
                    <ValidFrom/>
                    <ValidTo/>
                    <Value>RJ</Value>
                    <AD_Org_ID reference="id">0</AD_Org_ID>
                    <IsActive>Y</IsActive>
                    <EntityType>D</EntityType>
                    <AD_Ref_List_UU>8fffbfd1-560a-4a78-9181-e5b76bbb3354</AD_Ref_List_UU>
                    <AD_Ref_List_Trl type="translation">
                        <Description>Rechaza la aprobación del documento</Description>
                        <Name>Rechazar</Name>
                        <AD_Language>es_CO</AD_Language>
                        <IsActive>Y</IsActive>
                        <IsTranslated>Y</IsTranslated>
                    </AD_Ref_List_Trl>
                </AD_Ref_List>
                <AD_Ref_List type="table">
                    <AD_Ref_List_ID>181</AD_Ref_List_ID>
                    <AD_Client_ID>0</AD_Client_ID>
                    <AD_Org_ID>0</AD_Org_ID>
                    <AD_Ref_List_ID>181</AD_Ref_List_ID>
                    <Name>Post</Name>
                    <Description>Post transaction</Description>
                    <AD_Reference_ID reference="id">135</AD_Reference_ID>
                    <ValidFrom/>
                    <ValidTo/>
                    <Value>PO</Value>
                    <AD_Org_ID reference="id">0</AD_Org_ID>
                    <IsActive>Y</IsActive>
                    <EntityType>D</EntityType>
                    <AD_Ref_List_UU>0fe1c0e9-2ca1-48f2-837b-a4ff16c629d9</AD_Ref_List_UU>
                    <AD_Ref_List_Trl type="translation">
                        <Description>Aplica la transacción</Description>
                        <Name>Aplicar</Name>
                        <AD_Language>es_CO</AD_Language>
                        <IsActive>Y</IsActive>
                        <IsTranslated>Y</IsTranslated>
                    </AD_Ref_List_Trl>
                </AD_Ref_List>
                <AD_Ref_List type="table">
                    <AD_Ref_List_ID>183</AD_Ref_List_ID>
                    <AD_Client_ID>0</AD_Client_ID>
                    <AD_Org_ID>0</AD_Org_ID>
                    <AD_Ref_List_ID>183</AD_Ref_List_ID>
                    <Name>Close</Name>
                    <Description>Finally close this transaction. It cannot be re-activated.</Description>
                    <AD_Reference_ID reference="id">135</AD_Reference_ID>
                    <ValidFrom/>
                    <ValidTo/>
                    <Value>CL</Value>
                    <AD_Org_ID reference="id">0</AD_Org_ID>
                    <IsActive>Y</IsActive>
                    <EntityType>D</EntityType>
                    <AD_Ref_List_UU>d0a6de04-9c59-4d37-998d-f8070db820b0</AD_Ref_List_UU>
                    <AD_Ref_List_Trl type="translation">
                        <Description>Cierre final de esta transacción. No podrá ser reactivada</Description>
                        <Name>Cerrar</Name>
                        <AD_Language>es_CO</AD_Language>
                        <IsActive>Y</IsActive>
                        <IsTranslated>Y</IsTranslated>
                    </AD_Ref_List_Trl>
                </AD_Ref_List>
                <AD_Ref_List type="table">
                    <AD_Ref_List_ID>184</AD_Ref_List_ID>
                    <AD_Client_ID>0</AD_Client_ID>
                    <AD_Org_ID>0</AD_Org_ID>
                    <AD_Ref_List_ID>184</AD_Ref_List_ID>
                    <Name>Reverse - Correct</Name>
                    <Description>Reverse Transaction (correction) by reversing sign with same date</Description>
                    <AD_Reference_ID reference="id">135</AD_Reference_ID>
                    <ValidFrom/>
                    <ValidTo/>
                    <Value>RC</Value>
                    <AD_Org_ID reference="id">0</AD_Org_ID>
                    <IsActive>Y</IsActive>
                    <EntityType>D</EntityType>
                    <AD_Ref_List_UU>597e3e98-f1cd-4157-885a-1fae6424a3a6</AD_Ref_List_UU>
                    <AD_Ref_List_Trl type="translation">
                        <Description>Transacción Inversa (corrección) invirtiendo el signo con la misma fecha</Description>
                        <Name>Reversar - Corregir</Name>
                        <AD_Language>es_CO</AD_Language>
                        <IsActive>Y</IsActive>
                        <IsTranslated>Y</IsTranslated>
                    </AD_Ref_List_Trl>
                </AD_Ref_List>
                <AD_Ref_List type="table">
                    <AD_Ref_List_ID>185</AD_Ref_List_ID>
                    <AD_Client_ID>0</AD_Client_ID>
                    <AD_Org_ID>0</AD_Org_ID>
                    <AD_Ref_List_ID>185</AD_Ref_List_ID>
                    <Name>Reverse - Accrual</Name>
                    <Description>Reverse by switching Dr/Cr with current date</Description>
                    <AD_Reference_ID reference="id">135</AD_Reference_ID>
                    <ValidFrom/>
                    <ValidTo/>
                    <Value>RA</Value>
                    <AD_Org_ID reference="id">0</AD_Org_ID>
                    <IsActive>Y</IsActive>
                    <EntityType>D</EntityType>
                    <AD_Ref_List_UU>1a3904b9-86bc-4831-a4af-0281dcafa8f8</AD_Ref_List_UU>
                    <AD_Ref_List_Trl type="translation">
                        <Description>Restaurar a través de intercambiar Débitos y Créditos con la fecha actual</Description>
                        <Name>Reversar - Causación</Name>
                        <AD_Language>es_CO</AD_Language>
                        <IsActive>Y</IsActive>
                        <IsTranslated>Y</IsTranslated>
                    </AD_Ref_List_Trl>
                </AD_Ref_List>
                <AD_Ref_List type="table">
                    <AD_Ref_List_ID>187</AD_Ref_List_ID>
                    <AD_Client_ID>0</AD_Client_ID>
                    <AD_Org_ID>0</AD_Org_ID>
                    <AD_Ref_List_ID>187</AD_Ref_List_ID>
                    <Name>Invalidate</Name>
                    <Description>Invalidate Document</Description>
                    <AD_Reference_ID reference="id">135</AD_Reference_ID>
                    <ValidFrom/>
                    <ValidTo/>
                    <Value>IN</Value>
                    <AD_Org_ID reference="id">0</AD_Org_ID>
                    <IsActive>Y</IsActive>
                    <EntityType>D</EntityType>
                    <AD_Ref_List_UU>69ff146b-fe0e-44a0-98d1-80b2f7958edf</AD_Ref_List_UU>
                    <AD_Ref_List_Trl type="translation">
                        <Description/>
                        <Name>Invalidar</Name>
                        <AD_Language>es_CO</AD_Language>
                        <IsActive>Y</IsActive>
                        <IsTranslated>Y</IsTranslated>
                    </AD_Ref_List_Trl>
                </AD_Ref_List>
                <AD_Ref_List type="table">
                    <AD_Ref_List_ID>189</AD_Ref_List_ID>
                    <AD_Client_ID>0</AD_Client_ID>
                    <AD_Org_ID>0</AD_Org_ID>
                    <AD_Ref_List_ID>189</AD_Ref_List_ID>
                    <Name>&lt;None&gt;</Name>
                    <Description>No action</Description>
                    <AD_Reference_ID reference="id">135</AD_Reference_ID>
                    <ValidFrom/>
                    <ValidTo/>
                    <Value>--</Value>
                    <AD_Org_ID reference="id">0</AD_Org_ID>
                    <IsActive>Y</IsActive>
                    <EntityType>D</EntityType>
                    <AD_Ref_List_UU>ea523fb8-e21b-4a77-a657-6f5a7d12a591</AD_Ref_List_UU>
                    <AD_Ref_List_Trl type="translation">
                        <Description>Sin acción</Description>
                        <Name>&lt;Ninguno&gt;</Name>
                        <AD_Language>es_CO</AD_Language>
                        <IsActive>Y</IsActive>
                        <IsTranslated>Y</IsTranslated>
                    </AD_Ref_List_Trl>
                </AD_Ref_List>
                <AD_Ref_List type="table">
                    <AD_Ref_List_ID>178</AD_Ref_List_ID>
                    <AD_Client_ID>0</AD_Client_ID>
                    <AD_Org_ID>0</AD_Org_ID>
                    <AD_Ref_List_ID>178</AD_Ref_List_ID>
                    <Name>Complete</Name>
                    <Description>Generate documents and complete transaction</Description>
                    <AD_Reference_ID reference="id">135</AD_Reference_ID>
                    <ValidFrom/>
                    <ValidTo/>
                    <Value>CO</Value>
                    <AD_Org_ID reference="id">0</AD_Org_ID>
                    <IsActive>Y</IsActive>
                    <EntityType>D</EntityType>
                    <AD_Ref_List_UU>74a9fe55-28e4-4d3b-98aa-02ad6d1a12da</AD_Ref_List_UU>
                    <AD_Ref_List_Trl type="translation">
                        <Description>Genera los documentos y completa la transacción</Description>
                        <Name>Completar</Name>
                        <AD_Language>es_CO</AD_Language>
                        <IsActive>Y</IsActive>
                        <IsTranslated>Y</IsTranslated>
                    </AD_Ref_List_Trl>
                </AD_Ref_List>
                <AD_Ref_List type="table">
                    <AD_Ref_List_ID>182</AD_Ref_List_ID>
                    <AD_Client_ID>0</AD_Client_ID>
                    <AD_Org_ID>0</AD_Org_ID>
                    <AD_Ref_List_ID>182</AD_Ref_List_ID>
                    <Name>Void</Name>
                    <Description>Set all quantities to zero and complete transaction</Description>
                    <AD_Reference_ID reference="id">135</AD_Reference_ID>
                    <ValidFrom/>
                    <ValidTo/>
                    <Value>VO</Value>
                    <AD_Org_ID reference="id">0</AD_Org_ID>
                    <IsActive>Y</IsActive>
                    <EntityType>D</EntityType>
                    <AD_Ref_List_UU>930f9be7-85bc-4002-83a6-fe4e1b8cfce3</AD_Ref_List_UU>
                    <AD_Ref_List_Trl type="translation">
                        <Description>Pone a cero las cantidades y completa la transacción</Description>
                        <Name>Anular</Name>
                        <AD_Language>es_CO</AD_Language>
                        <IsActive>Y</IsActive>
                        <IsTranslated>Y</IsTranslated>
                    </AD_Ref_List_Trl>
                </AD_Ref_List>
                <AD_Ref_List type="table">
                    <AD_Ref_List_ID>347</AD_Ref_List_ID>
                    <AD_Client_ID>0</AD_Client_ID>
                    <AD_Org_ID>0</AD_Org_ID>
                    <AD_Ref_List_ID>347</AD_Ref_List_ID>
                    <Name>Unlock</Name>
                    <Description>Unlock Transaction (process error)</Description>
                    <AD_Reference_ID reference="id">135</AD_Reference_ID>
                    <ValidFrom/>
                    <ValidTo/>
                    <Value>XL</Value>
                    <AD_Org_ID reference="id">0</AD_Org_ID>
                    <IsActive>Y</IsActive>
                    <EntityType>D</EntityType>
                    <AD_Ref_List_UU>b2d93bde-a7e7-43f0-9b1c-82527992f6d5</AD_Ref_List_UU>
                    <AD_Ref_List_Trl type="translation">
                        <Description>Desbloquea la transacción (error de proceso)</Description>
                        <Name>Desbloquear</Name>
                        <AD_Language>es_CO</AD_Language>
                        <IsActive>Y</IsActive>
                        <IsTranslated>Y</IsTranslated>
                    </AD_Ref_List_Trl>
                </AD_Ref_List>
                <AD_Ref_List type="table">
                    <AD_Ref_List_ID>345</AD_Ref_List_ID>
                    <AD_Client_ID>0</AD_Client_ID>
                    <AD_Org_ID>0</AD_Org_ID>
                    <AD_Ref_List_ID>345</AD_Ref_List_ID>
                    <Name>Prepare</Name>
                    <Description>Check Document consistency and check Inventory</Description>
                    <AD_Reference_ID reference="id">135</AD_Reference_ID>
                    <ValidFrom/>
                    <ValidTo/>
                    <Value>PR</Value>
                    <AD_Org_ID reference="id">0</AD_Org_ID>
                    <IsActive>Y</IsActive>
                    <EntityType>D</EntityType>
                    <AD_Ref_List_UU>b6f04b4b-6034-4490-83ed-d0f4f9cb5f76</AD_Ref_List_UU>
                    <AD_Ref_List_Trl type="translation">
                        <Description>Chequear consistencia del documento y chequear inventarios</Description>
                        <Name>Preparar</Name>
                        <AD_Language>es_CO</AD_Language>
                        <IsActive>Y</IsActive>
                        <IsTranslated>Y</IsTranslated>
                    </AD_Ref_List_Trl>
                </AD_Ref_List>
                <AD_Ref_List type="table">
                    <AD_Ref_List_ID>188</AD_Ref_List_ID>
                    <AD_Client_ID>0</AD_Client_ID>
                    <AD_Org_ID>0</AD_Org_ID>
                    <AD_Ref_List_ID>188</AD_Ref_List_ID>
                    <Name>Re-activate</Name>
                    <Description>Reopen Document and Reverse automatically generated documents; You need to Complete the transaction after the change. </Description>
                    <AD_Reference_ID reference="id">135</AD_Reference_ID>
                    <ValidFrom/>
                    <ValidTo/>
                    <Value>RE</Value>
                    <AD_Org_ID reference="id">0</AD_Org_ID>
                    <IsActive>Y</IsActive>
                    <EntityType>D</EntityType>
                    <AD_Ref_List_UU>c8f55635-67a3-42ae-b626-2064acb2e260</AD_Ref_List_UU>
                    <AD_Ref_List_Trl type="translation">
                        <Description>Reabrir el documento y reversar automáticamente los documentos generados, debe Completar la transacción después del cambio</Description>
                        <Name>Reactivar</Name>
                        <AD_Language>es_CO</AD_Language>
                        <IsActive>Y</IsActive>
                        <IsTranslated>Y</IsTranslated>
                    </AD_Ref_List_Trl>
                </AD_Ref_List>
                <AD_Ref_List type="table">
                    <AD_Ref_List_ID>691</AD_Ref_List_ID>
                    <AD_Client_ID>0</AD_Client_ID>
                    <AD_Org_ID>0</AD_Org_ID>
                    <AD_Ref_List_ID>691</AD_Ref_List_ID>
                    <Name>Wait Complete</Name>
                    <Description>Wait Condition ok Complete Document</Description>
                    <AD_Reference_ID reference="id">135</AD_Reference_ID>
                    <ValidFrom/>
                    <ValidTo/>
                    <Value>WC</Value>
                    <AD_Org_ID reference="id">0</AD_Org_ID>
                    <IsActive>Y</IsActive>
                    <EntityType>D</EntityType>
                    <AD_Ref_List_UU>2143c53d-f6a6-4da6-8fe6-4ce4b6dacac0</AD_Ref_List_UU>
                    <AD_Ref_List_Trl type="translation">
                        <Description>Condición de espera ok Completa Documento</Description>
                        <Name>Espera Condición de Completar</Name>
                        <AD_Language>es_CO</AD_Language>
                        <IsActive>Y</IsActive>
                        <IsTranslated>Y</IsTranslated>
                    </AD_Ref_List_Trl>
                </AD_Ref_List>
            </AD_Reference>
            <AD_Val_Rule type="table">
                <AD_Val_Rule_ID>219</AD_Val_Rule_ID>
                <AD_Client_ID>0</AD_Client_ID>
                <AD_Org_ID>0</AD_Org_ID>
                <AD_Val_Rule_ID>219</AD_Val_Rule_ID>
                <Name>List - DocAction - Complete or Prepare</Name>
                <Description/>
                <Type>S</Type>
                <Code>AD_Ref_List.Value IN ('CO','PR')</Code>
                <AD_Org_ID reference="id">0</AD_Org_ID>
                <IsActive>Y</IsActive>
                <EntityType>D</EntityType>
                <AD_Val_Rule_UU>1f4f3aa6-473e-4b5f-bb55-6eae37f9b044</AD_Val_Rule_UU>
            </AD_Val_Rule>
            <AD_Element type="table">
                <AD_Element_ID>287</AD_Element_ID>
                <AD_Client_ID>0</AD_Client_ID>
                <AD_Org_ID>0</AD_Org_ID>
                <AD_Element_ID>287</AD_Element_ID>
                <AD_Org_ID reference="id">0</AD_Org_ID>
                <IsActive>Y</IsActive>
                <ColumnName>DocAction</ColumnName>
                <Name>Document Action</Name>
                <Description>The targeted status of the document</Description>
                <Help>You find the current status in the Document Status field. The options are listed in a popup</Help>
                <PrintName>Doc Action</PrintName>
                <PO_Description/>
                <PO_Help/>
                <PO_Name/>
                <PO_PrintName/>
                <EntityType>D</EntityType>
                <AD_Element_UU>3d664988-a11d-4276-8a35-4da87b6c1220</AD_Element_UU>
                <Placeholder/>
                <AD_Element_Trl type="translation">
                    <Description>El estado destino del documento</Description>
                    <Help>Usted encuentra el estado actual en el campo Estado del Documento. Las opciones son listadas en una ventana emergente</Help>
                    <Name>Acción</Name>
                    <Placeholder/>
                    <PO_Description/>
                    <PO_Help/>
                    <PO_Name/>
                    <PO_PrintName/>
                    <PrintName>Acción</PrintName>
                    <AD_Language>es_CO</AD_Language>
                    <IsActive>Y</IsActive>
                    <IsTranslated>Y</IsTranslated>
                </AD_Element_Trl>
            </AD_Element>
            <AD_Process_Para type="table">
                <AD_Client_ID>0</AD_Client_ID>
                <AD_Org_ID>0</AD_Org_ID>
                <AD_Org_ID reference="id">0</AD_Org_ID>
                <IsActive>Y</IsActive>
                <Name>Document Action</Name>
                <Description>The targeted status of the document</Description>
                <Help>You find the current status in the Document Status field. The options are listed in a popup</Help>
                <AD_Process_ID reference="uuid" reference-key="AD_Process">aacd5fbb-642e-4319-a89f-20541d72d01d</AD_Process_ID>
                <SeqNo>70</SeqNo>
                <AD_Reference_ID reference="id">17</AD_Reference_ID>
                <AD_Reference_Value_ID reference="id">135</AD_Reference_Value_ID>
                <IsRange>N</IsRange>
                <AD_Val_Rule_ID reference="id">219</AD_Val_Rule_ID>
                <FieldLength>1</FieldLength>
                <IsMandatory>Y</IsMandatory>
                <DefaultValue>PR</DefaultValue>
                <VFormat/>
                <ValueMin/>
                <ValueMax/>
                <ColumnName>DocAction</ColumnName>
                <DefaultValue2/>
                <IsCentrallyMaintained>Y</IsCentrallyMaintained>
                <EntityType>ITS</EntityType>
                <AD_Element_ID reference="id">287</AD_Element_ID>
                <ReadOnlyLogic/>
                <DisplayLogic/>
                <AD_Process_Para_UU>44f88072-6334-49a2-8c18-934a8d6b6aee</AD_Process_Para_UU>
                <IsEncrypted>N</IsEncrypted>
                <MandatoryLogic/>
                <Query/>
                <AD_FieldGroup_ID reference="id"/>
                <Placeholder/>
                <Placeholder2/>
                <IsAutocomplete>N</IsAutocomplete>
                <DateRangeOption>D</DateRangeOption>
                <IsShowNegateButton>N</IsShowNegateButton>
                <AD_Process_Para_Trl type="translation">
                    <Description>El estado destino del documento</Description>
                    <Help>Usted encuentra el estado actual en el campo Estado del Documento. Las opciones son listadas en una ventana emergente</Help>
                    <Name>Acción</Name>
                    <Placeholder/>
                    <Placeholder2/>
                    <AD_Language>es_CO</AD_Language>
                    <IsActive>Y</IsActive>
                    <IsTranslated>Y</IsTranslated>
                </AD_Process_Para_Trl>
            </AD_Process_Para>
        </AD_Process>
    </AD_Menu>
</idempiere>
