<?xml version="1.0" encoding="UTF-8"?><idempiere Name="2Pack_6.3.2" Version="1.1" idempiereVersion="" DataBaseVersion="" Description="" Author="" AuthorEmail="arodriguez@itechsolutions.dev" CreatedDate="2022-01-11 19:47:52.773" UpdatedDate="2022-01-11 20:04:59.041" PackOutVersion="100" UpdateDictionary="false" Client="0-SYSTEM-System" AD_Client_UU="11237b53-9592-4af1-b3c5-afd216514b5d">
    <SQLMandatory type="custom">
        <DBType>Postgres</DBType>
        <statement>
            <![CDATA[CREATE OR REPLACE VIEW adempiere.its_rv_bpartnershiplocation
AS SELECT a.c_bpartner_id,
    min(a.c_location_id) AS c_location_id,
    min(a.address_shipto) AS address_shipto,
    min(a.address_billto) AS address_billto,
    min(a.phoneshipto) AS phoneshipto,
    min(a.phoneshipto2) AS phoneshipto2,
    min(a.phonebillto) AS phonebillto,
    min(a.phonebillto2) AS phonebillto2
   FROM ( SELECT a_1.c_bpartner_id,
            a_1.c_location_id,
                CASE
                    WHEN a_1.isshipto = 'Y'::bpchar THEN (((((btrim(clorg.address1::text) || COALESCE(' '::text || btrim(clorg.address2::text), ''::text)) || COALESCE(' '::text || btrim(clorg.address3::text), ''::text)) || COALESCE(' '::text || btrim(clorg.address4::text), ''::text)) || COALESCE(' '::text || btrim(clorg.city::text), ''::text)) || COALESCE(' '::text || btrim(d.name::text), ''::text)) || COALESCE(' '::text || btrim(c.name::text), ''::text)
                    ELSE NULL::text
                END AS address_shipto,
                CASE
                    WHEN a_1.isshipto = 'Y'::bpchar THEN a_1.phone::text
                    ELSE NULL::text
                END AS phoneshipto,
                CASE
                    WHEN a_1.isshipto = 'Y'::bpchar THEN a_1.phone2::text
                    ELSE NULL::text
                END AS phoneshipto2,
                CASE
                    WHEN a_1.isbillto = 'Y'::bpchar THEN (((((btrim(clorg.address1::text) || COALESCE(' '::text || btrim(clorg.address2::text), ''::text)) || COALESCE(' '::text || btrim(clorg.address3::text), ''::text)) || COALESCE(' '::text || btrim(clorg.address4::text), ''::text)) || COALESCE(' '::text || btrim(clorg.city::text), ''::text)) || COALESCE(' '::text || btrim(d.name::text), ''::text)) || COALESCE(' '::text || btrim(c.name::text), ''::text)
                    ELSE NULL::text
                END AS address_billto,
                CASE
                    WHEN a_1.isbillto = 'Y'::bpchar THEN a_1.phone::text
                    ELSE NULL::text
                END AS phonebillto,
                CASE
                    WHEN a_1.isbillto = 'Y'::bpchar THEN a_1.phone2::text
                    ELSE NULL::text
                END AS phonebillto2
           FROM c_bpartner_location a_1
             JOIN c_location clorg ON a_1.c_location_id = clorg.c_location_id
             LEFT JOIN c_country c ON c.c_country_id = clorg.c_country_id
             LEFT JOIN c_region d ON d.c_region_id = clorg.c_region_id
          WHERE clorg.isactive = 'Y'::bpchar
          ORDER BY a_1.c_bpartner_id) a
  GROUP BY a.c_bpartner_id;
 
 ]]>
        </statement>
    </SQLMandatory>
    <SQLMandatory type="custom">
        <DBType>Postgres</DBType>
        <statement>
            <![CDATA[
CREATE OR REPLACE FUNCTION ITS_CalcExempt(p_C_Invoice_ID NUMERIC)
	RETURNS NUMERIC
	LANGUAGE plpgsql
	STABLE
AS $$
DECLARE
	retVal NUMERIC := 0;
BEGIN
	SELECT
		COALESCE(SUM(ci.taxbaseamt), 0)
	INTO
		retVal
	FROM c_invoicetax ci 
	INNER JOIN c_tax ct ON ct.c_tax_id = ci.c_tax_id 
	WHERE ci.c_invoice_id = p_C_Invoice_ID
	AND ct.rate = 0 AND ct.istaxexempt = 'Y';
	
	RETURN retVal;
END; $$]]>
        </statement>
    </SQLMandatory>
    <SQLMandatory type="custom">
        <DBType>Postgres</DBType>
        <statement>
            <![CDATA[
CREATE OR REPLACE FUNCTION ITS_ImpBase(typ VARCHAR, p_Record_ID NUMERIC, p_Rate NUMERIC)
	RETURNS NUMERIC
	LANGUAGE plpgsql
	STABLE
AS $$
DECLARE 
	v_RetVal NUMERIC := 0;
BEGIN
	--Type Invoice Base
	IF typ = 'IB' THEN
		SELECT
			ci.taxbaseamt
		INTO
			v_RetVal
		FROM c_invoicetax ci
		INNER JOIN c_tax ct ON ct.c_tax_id = ci.c_tax_id 
		WHERE ci.c_invoice_id = p_Record_ID AND ct.rate = p_Rate;
	--Type Invoice Tax
	ELSIF typ = 'IT' THEN
		SELECT
			ci.taxamt
		INTO
			v_RetVal
		FROM c_invoicetax ci
		INNER JOIN c_tax ct ON ct.c_tax_id = ci.c_tax_id 
		WHERE ci.c_invoice_id = p_Record_ID AND ct.rate = p_Rate;
	--Type Invoice Rate
	ELSIF typ = 'IR' THEN
		SELECT
			ct.rate 
		INTO
			v_RetVal
		FROM c_invoicetax ci
		INNER JOIN c_tax ct ON ct.c_tax_id = ci.c_tax_id 
		WHERE ci.c_invoice_id = p_Record_ID AND ct.rate = p_Rate;
	--Type Order Base
	ELSIF typ = 'OB' THEN
		SELECT
			co.taxbaseamt 
		INTO
			v_RetVal
		FROM c_ordertax co 
		INNER JOIN c_tax ct ON ct.c_tax_id = co.c_tax_id 
		WHERE co.c_order_id = p_Record_ID AND ct.rate = p_Rate;
	--Type Order Tax
	ELSIF typ = 'OT' THEN
		SELECT
			co.taxamt 
		INTO
			v_RetVal
		FROM c_ordertax co 
		INNER JOIN c_tax ct ON ct.c_tax_id = co.c_tax_id 
		WHERE co.c_order_id = p_Record_ID AND ct.rate = p_Rate;
	--Type Order Rate
	ELSIF typ = 'OT' THEN
		SELECT
			ct.rate 
		INTO
			v_RetVal
		FROM c_ordertax co 
		INNER JOIN c_tax ct ON ct.c_tax_id = co.c_tax_id 
		WHERE co.c_order_id = p_Record_ID AND ct.rate = p_Rate;
	END IF;
	
	RETURN COALESCE(v_RetVal, 0);
END; $$]]>
        </statement>
    </SQLMandatory>
    <SQLMandatory type="custom">
        <DBType>Postgres</DBType>
        <statement>
            <![CDATA[CREATE OR REPLACE VIEW adempiere.ad_org_v
AS SELECT o.ad_client_id,
    o.ad_org_id,
    o.isactive,
    o.created,
    o.createdby,
    o.updated,
    o.updatedby,
    o.value,
    o.name,
    o.description,
    o.issummary,
    i.c_location_id,
    i.duns,
    i.taxid,
    i.supervisor_id,
    i.parent_org_id,
    i.ad_orgtype_id,
    i.m_warehouse_id,
    bp.c_bpartner_id,
    i.a_license_no
   FROM ad_org o
     JOIN ad_orginfo i ON o.ad_org_id = i.ad_org_id
     LEFT JOIN c_bpartner bp ON o.ad_org_id = bp.ad_orgbp_id;]]>
        </statement>
    </SQLMandatory>
</idempiere>
