<?xml version="1.0" encoding="UTF-8"?><?xml-stylesheet type="text/css" href="idempiereDocument.css"?><idempiereDocument>
    <header>2Pack_6.3.5_PrintVoucherWithholding Package Description</header>
    <H1>Package Name:</H1>
    <packagename>2Pack_6.3.5_PrintVoucherWithholding</packagename>
    <H1>Author:</H1>
    <Name:/>
    <H1>Email Address:</H1>
    <Email>rparadas@itechsolutions.dev</Email>
    <H1>Created:</H1>
    <Date>2023-04-05 15:43:34.852</Date>
    <H1>Updated:</H1>
    <Date>2023-04-05 17:25:31.861</Date>
    <H1>Description:</H1>
    <description>correction of duplicate lines on the withholding voucher</description>
    <H1>Instructions:</H1>
    <instructions/>
    <H1>Files in Package:</H1>
    <file>File: PackOut.xml</file>
    <filedirectory>Directory: \dict\</filedirectory>
    <filenotes>Notes: Contains all application/object settings for package</filenotes>
    <H1>Client:</H1>
    <Client>0-SYSTEM-System</Client>
</idempiereDocument>
